home_id,community,metro,permit_authority,lot_number,plan_name,plan_code,product_line,beds,baths,half_baths,sqft,stories,garage_size,basement_type,lot_type,lot_size_sqft,is_spec_home,selected_options_value,site_manager,sale_date,permit_application_date,permit_issue_date,construction_start_date,construction_end_date,final_inspection_date,change_order_count,trade_invoice_total,data_source,construction_status,cycle_days,train_eligible,exclude_reason
H105165,Cranston Ridge,Calgary,City of Calgary,254,Birch,TH-102,Townhome,3.0,2,1,1330,2,1,Unfinished,Flat,2400.0,True,18500,J. Abadi,,2025-10-10,2025-11-04,2025-12-07,,,,,BUILDPRO_EXPORT,In Progress,,False,scoring_set
H105228,Mahogany Point,Calgary,Rocky View County,131,Cedar,TH-103,Townhome,3.0,3,0,1390,2,1,No basement,Flat,2950.0,False,21100,D. Whitfield,2025-10-02,2025-10-14,2025-11-08,2025-12-29,,,,,BUILDPRO_EXPORT,In Progress,,False,scoring_set
H104895,Aurora Highlands,Denver,Adams County,253,Aspen,TH-101,Townhome,2.0,2,0,1230,2,1,No basement,Flat,2850.0,False,26800,C. Nakamura,2025-08-18,2025-04-13,2025-08-12,2025-10-01,,,,,BUILDPRO_EXPORT,In Progress,,False,scoring_set
H105114,Aurora Highlands,Denver,Adams County,36,Dogwood,TH-104,Townhome,2.0,2,1,1250,2,1,No basement,Flat,2050.0,False,3600,P. Sandoval,2025-10-29,2025-10-24,2025-11-03,2025-11-25,,,,,BUILDPRO_EXPORT,In Progress,,False,scoring_set
H105155,Barefoot Lakes,Denver,Adams County,272,Juniper,SF-304,Single Family,4.0,3,1,2320,2,2,Finished,Flat,5050.0,False,20900,K. Thibodeau,2025-10-17,2025-10-08,2025-11-01,2025-12-04,,,,,BUILDPRO_EXPORT,In Progress,,False,scoring_set
H104917,Riverbend,Calgary,City of Calgary,53,Nyssa,SF-309,Single Family,5.0,5,0,3260,2,3,Unfinished,Corner,6150.0,False,16500,F. Kowalski,2025-09-04,2025-06-18,2025-08-16,2025-10-06,,,,,BUILDPRO_EXPORT,In Progress,,False,scoring_set
H105019,Mahogany Point,Calgary,Rocky View County,164,Ironwood,SF-303,Single Family,4.0,3,0,2220,2,2,Unfinished,Flat,6400.0,False,25400,T. Beaulieu,,2025-02-09,2025-09-07,2025-10-31,,,,,BUILDPRO_EXPORT,In Progress,,False,scoring_set
H104800,Laurel Green,Edmonton,City of Edmonton,108,Poplar,SF-306,Single Family,4.0,4,0,2880,2,2,Unfinished,Flat,5450.0,False,18500,S. Ahmadi,2025-05-13,2025-05-21,2025-07-15,2025-09-11,,,,,BUILDPRO_EXPORT,In Progress,,False,scoring_set
H105143,Cranston Ridge,Calgary,City of Calgary,337,Aspen,TH-101,Townhome,2.0,2,0,1160,2,1,No basement,Flat,2400.0,False,29800,L. Mwangi,2025-10-20,2025-09-25,2025-10-15,2025-12-01,,,,,BUILDPRO_EXPORT,In Progress,,False,scoring_set
H105002,Sterling Ranch,Denver,Douglas County,206,Oakmont,SF-302,Single Family,3.0,3,0,2180,1,3,Finished,Flat,7300.0,True,7400,L. Mwangi,,2025-07-03,2025-09-19,2025-10-27,,,,,BUILDPRO_EXPORT,In Progress,,False,scoring_set
H104891,Auburn Meadows,Calgary,City of Calgary,191,Cedar,TH-103,Townhome,3.0,3,0,1400,2,1,No basement,Flat,2300.0,False,33900,D. Whitfield,2025-07-19,2025-07-09,2025-08-13,2025-09-30,,,,,BUILDPRO_EXPORT,In Progress,,False,scoring_set
H104965,Barefoot Lakes,Denver,Adams County,233,Larch,SF-307,Single Family,5.0,4,0,2840,2,3,Unfinished,Flat,7900.0,False,11200,N. Ferreira,2025-05-23,2025-08-27,2025-10-02,2025-10-16,,,,,BUILDPRO_EXPORT,In Progress,,False,scoring_set
H104951,Legacy Gate,Calgary,Rocky View County,349,Larch,SF-307,Single Family,5.0,4,0,2900,2,3,No basement,Flat,7250.0,False,33400,H. Lindqvist,2025-08-26,2025-06-13,2025-09-18,2025-10-15,,,,,BUILDPRO_EXPORT,In Progress,,False,scoring_set
H105138,Keswick Landing,Edmonton,Leduc County,42,Katsura,SF-305,Single Family,4.0,4,0,2580,2,3,Unfinished,Walkout,5500.0,False,21600,R. Ivanova,2025-10-02,2025-10-01,2025-11-10,2025-12-01,,,,,BUILDPRO_EXPORT,In Progress,,False,scoring_set
H104846,Riverbend,Calgary,City of Calgary,167,Aspen,TH-101,Townhome,2.0,2,0,1220,2,1,No basement,Flat,2650.0,False,9100,E. Osei,2025-07-31,2025-05-18,2025-08-05,2025-09-22,,,,,BUILDPRO_EXPORT,In Progress,,False,scoring_set
H105184,Windermere,Edmonton,City of Edmonton,408,Katsura,SF-305,Single Family,4.0,4,0,2770,2,3,Unfinished,Flat,5800.0,False,44300,M. Petrov,2025-10-17,2025-11-03,2025-11-20,2025-12-13,,,,,BUILDPRO_EXPORT,In Progress,,False,scoring_set
H104847,Cranston Ridge,Calgary,City of Calgary,337,Ironwood,SF-303,Single Family,4.0,3,0,2100,2,2,No basement,Flat,5450.0,False,35200,J. Abadi,2025-04-14,2025-08-11,2025-09-15,2025-09-22,,,,,BUILDPRO_EXPORT,In Progress,,False,scoring_set
H104818,Windermere,Edmonton,City of Edmonton,208,Cedar,TH-103,Townhome,3.0,3,0,1460,2,1,No basement,Flat,2350.0,False,42500,S. Ahmadi,2025-04-05,2025-07-28,2025-08-23,2025-09-15,,,,,BUILDPRO_EXPORT,In Progress,,False,scoring_set
H105118,Keswick Landing,Edmonton,Leduc County,147,Birch,TH-102,Townhome,3.0,2,1,1250,2,1,No basement,Flat,2950.0,False,35900,G. Ramirez,2025-08-06,2025-10-25,2025-11-21,2025-11-26,,,,,BUILDPRO_EXPORT,In Progress,,False,scoring_set
H105235,Barefoot Lakes,Denver,Adams County,351,Maple,SF-308,Single Family,5.0,4,1,3230,2,3,Unfinished,Flat,3550.0,True,4400,P. Sandoval,,2025-12-02,2025-12-08,2025-12-31,,,,,BUILDPRO_EXPORT,In Progress,,False,scoring_set
H104939,Aurora Highlands,Denver,Adams County,315,Larch,SF-307,Single Family,5.0,4,0,2710,2,3,Finished,Flat,6750.0,False,44000,S. Ahmadi,2025-09-15,2025-07-22,2025-08-31,2025-10-12,,,,,BUILDPRO_EXPORT,In Progress,,False,scoring_set
H104813,Glenridding,Edmonton,City of Edmonton,202,Larch,SF-307,Single Family,5.0,4,0,2770,2,3,Unfinished,Flat,6300.0,False,30900,T. Beaulieu,2025-04-10,2025-07-22,2025-08-20,2025-09-14,,,,,BUILDPRO_EXPORT,In Progress,,False,scoring_set
H104758,Riverbend,Calgary,City of Calgary,230,Dogwood,TH-104,Townhome,2.0,2,1,1240,2,1,No basement,Flat,2150.0,False,35600,T. Beaulieu,2025-06-21,2025-05-14,2025-07-28,2025-08-30,,,,,BUILDPRO_EXPORT,In Progress,,False,scoring_set
H104903,Barefoot Lakes,Denver,Adams County,198,Fir,DX-202,Duplex,3.0,3,0,1610,2,2,No basement,Flat,3500.0,False,39900,L. Mwangi,,2025-08-25,2025-09-24,2025-10-03,,,,,BUILDPRO_EXPORT,In Progress,,False,scoring_set
H105189,Barefoot Lakes,Denver,Adams County,171,Oakmont,SF-302,Single Family,3.0,3,0,2220,1,3,Unfinished,Corner,5650.0,False,37500,S. Ahmadi,2025-11-19,2025-10-08,2025-11-05,2025-12-15,,,,,BUILDPRO_EXPORT,In Progress,,False,scoring_set
H105176,Glenridding,Edmonton,City of Edmonton,341,Aspen,TH-101,Townhome,2.0,2,0,1190,2,1,No basement,Flat,2600.0,True,8400,F. Kowalski,,2025-10-13,2025-11-15,2025-12-10,,,,,BUILDPRO_EXPORT,In Progress,,False,scoring_set
H105043,Glenridding,Edmonton,City of Edmonton,400,Ironwood,SF-303,Single Family,4.0,3,0,2010,2,2,No basement,Walkout,5900.0,True,11800,R. Ivanova,,2025-08-02,2025-10-13,2025-11-07,,,,,BUILDPRO_EXPORT,In Progress,,False,scoring_set
H104672,Legacy Gate,Calgary,Rocky View County,128,Dogwood,TH-104,Townhome,2.0,2,1,1240,2,1,No basement,Flat,3100.0,False,34200,J. Abadi,2025-03-05,2025-06-27,2025-07-22,2025-08-06,,,,,BUILDPRO_EXPORT,In Progress,,False,scoring_set
H104662,Laurel Green,Edmonton,City of Edmonton,161,Aspen,TH-101,Townhome,2.0,2,0,1320,2,1,Unfinished,Flat,,True,26100,J. Abadi,,2025-06-04,2025-07-16,2025-08-02,,,,,BUILDPRO_EXPORT,In Progress,,False,scoring_set
H104983,Mahogany Point,Calgary,Rocky View County,298,Ironwood,SF-303,Single Family,4.0,3,0,2030,2,2,Unfinished,Flat,6300.0,True,5300,V. Okonkwo,,2025-07-18,2025-09-17,2025-10-22,,,,,BUILDPRO_EXPORT,In Progress,,False,scoring_set
H104709,Keswick Landing,Edmonton,Leduc County,388,Ginkgo,DX-203,Duplex,4.0,3,0,1690,2,2,No basement,Walkout,3750.0,False,32800,W. Halvorsen,2025-04-08,2025-06-23,2025-08-01,2025-08-14,,,,,BUILDPRO_EXPORT,In Progress,,False,scoring_set
H104962,Auburn Meadows,Calgary,City of Calgary,16,Nyssa,SF-309,Single Family,5.0,5,0,3360,2,3,No basement,Corner,5450.0,False,36800,T. Beaulieu,2025-05-10,2025-08-14,2025-10-10,2025-10-16,,,,,BUILDPRO_EXPORT,In Progress,,False,scoring_set
H104959,Riverbend,Calgary,City of Calgary,119,Maple,SF-308,Single Family,5.0,4,1,2970,2,3,Unfinished,Flat,6000.0,False,35800,T. Beaulieu,2025-07-27,2025-06-06,2025-09-22,2025-10-15,,,,,BUILDPRO_EXPORT,In Progress,,False,scoring_set
H104799,Barefoot Lakes,Denver,Adams County,148,Aspen,TH-101,Townhome,2.0,2,0,1120,2,1,No basement,Flat,2200.0,False,35800,E. Osei,2025-07-08,2025-06-21,2025-07-18,2025-09-11,,,,,BUILDPRO_EXPORT,In Progress,,False,scoring_set
H104859,Aurora Highlands,Denver,Adams County,209,Larch,SF-307,Single Family,5.0,4,0,2850,2,3,Unfinished,Walkout,5200.0,True,10800,K. Thibodeau,,2025-08-06,2025-08-24,2025-09-23,,,,,BUILDPRO_EXPORT,In Progress,,False,scoring_set
H104950,Riverbend,Calgary,City of Calgary,284,Birch,TH-102,Townhome,3.0,2,1,1330,2,1,No basement,Flat,1850.0,False,22700,F. Kowalski,2025-06-15,2025-08-01,2025-08-30,2025-10-14,,,,,BUILDPRO_EXPORT,In Progress,,False,scoring_set
H105089,Green Valley,Denver,City of Denver,28,Birch,TH-102,Townhome,3.0,2,1,1310,2,1,No basement,Flat,2650.0,False,31100,J. Abadi,2025-07-06,2025-06-23,2025-09-21,2025-11-19,,,,,BUILDPRO_EXPORT,In Progress,,False,scoring_set
H104940,Auburn Meadows,Calgary,City of Calgary,202,Birch,TH-102,Townhome,3.0,2,1,1390,2,1,No basement,Flat,2000.0,False,22300,G. Ramirez,,2025-09-12,2025-09-24,2025-10-12,,,,,BUILDPRO_EXPORT,In Progress,,False,scoring_set
H104937,Glenridding,Edmonton,City of Edmonton,394,Elm,DX-201,Duplex,3.0,2,1,1510,2,2,Unfinished,Corner,2650.0,False,11400,J. Abadi,2025-08-28,2025-08-25,2025-09-23,2025-10-11,,,,,BUILDPRO_EXPORT,In Progress,,False,scoring_set
H104978,Riverbend,Calgary,City of Calgary,126,Birch,TH-102,Townhome,3.0,2,1,1340,2,1,No basement,Flat,2550.0,True,30500,K. Thibodeau,,2025-08-30,2025-10-09,2025-10-20,,,,,BUILDPRO_EXPORT,In Progress,,False,scoring_set
H104760,Auburn Meadows,Calgary,City of Calgary,335,Dogwood,TH-104,Townhome,,2,1,1260,2,1,No basement,Flat,2000.0,False,38800,S. Ahmadi,2025-07-26,2025-07-05,2025-08-03,2025-08-30,,,,,BUILDPRO_EXPORT,In Progress,,False,scoring_set
H104898,Riverbend,Calgary,City of Calgary,403,Aspen,TH-101,Townhome,2.0,2,0,1150,2,1,No basement,Flat,2850.0,True,2300,R. Ivanova,,2025-03-13,2025-08-06,2025-10-02,,,,,BUILDPRO_EXPORT,In Progress,,False,scoring_set
H105219,Windermere,Edmonton,City of Edmonton,293,Oakmont,SF-302,Single Family,3.0,3,0,2220,1,3,Unfinished,Walkout,6150.0,False,14700,R. Ivanova,2025-08-09,2025-11-02,2025-12-13,2025-12-27,,,,,BUILDPRO_EXPORT,In Progress,,False,scoring_set
H104729,Riverbend,Calgary,City of Calgary,4,Aspen,TH-101,Townhome,2.0,2,0,1230,2,1,No basement,Flat,2200.0,False,24300,E. Osei,2025-07-22,2025-06-13,2025-07-01,2025-08-20,,,,,BUILDPRO_EXPORT,In Progress,,False,scoring_set
H104987,Cranston Ridge,Calgary,City of Calgary,263,Dogwood,TH-104,Townhome,2.0,2,1,1250,2,1,No basement,Flat,2250.0,False,28600,A. Boucher,2025-07-16,2025-06-30,2025-10-01,2025-10-23,,,,,BUILDPRO_EXPORT,In Progress,,False,scoring_set
H105214,Barefoot Lakes,Denver,Adams County,407,Cedar,TH-103,Townhome,3.0,3,0,1520,2,1,No basement,Flat,3300.0,True,4200,D. Whitfield,,2025-11-26,2025-12-08,2025-12-25,,,,,BUILDPRO_EXPORT,In Progress,,False,scoring_set
H104954,Laurel Green,Edmonton,City of Edmonton,394,Larch,SF-307,Single Family,5.0,4,0,3040,2,3,Unfinished,Corner,7600.0,False,15600,N. Ferreira,2025-05-14,2025-08-02,2025-08-30,2025-10-15,,,,,BUILDPRO_EXPORT,In Progress,,False,scoring_set
H104829,Riverbend,Calgary,City of Calgary,139,Ironwood,SF-303,Single Family,4.0,3,0,2050,2,2,Finished,Flat,5700.0,False,16200,P. Sandoval,2025-05-31,2025-07-18,2025-08-11,2025-09-17,,,,,BUILDPRO_EXPORT,In Progress,,False,scoring_set
H104872,Aurora Highlands,Denver,Adams County,396,Fir,DX-202,Duplex,3.0,3,0,1610,2,2,No basement,Flat,3750.0,False,28500,T. Beaulieu,2025-04-25,2025-09-04,2025-09-10,2025-09-26,,,,,BUILDPRO_EXPORT,In Progress,,False,scoring_set
H104791,Windermere,Edmonton,City of Edmonton,342,Elm,DX-201,Duplex,3.0,2,1,1430,2,2,Unfinished,Flat,4100.0,True,11400,T. Beaulieu,,2025-06-18,2025-07-14,2025-09-08,,,,,BUILDPRO_EXPORT,In Progress,,False,scoring_set
H104689,Auburn Meadows,Calgary,City of Calgary,103,Oakmont,SF-302,Single Family,3.0,3,0,2200,1,3,Unfinished,Walkout,5900.0,False,5400,V. Okonkwo,2025-04-27,2025-03-16,2025-06-15,2025-08-11,,,,,BUILDPRO_EXPORT,In Progress,,False,scoring_set
H104719,Barefoot Lakes,Denver,Adams County,203,Dogwood,TH-104,Townhome,2.0,2,1,1300,2,1,No basement,Flat,2150.0,False,20200,D. Whitfield,2025-03-13,2025-07-11,2025-07-28,2025-08-17,,,,,BUILDPRO_EXPORT,In Progress,,False,scoring_set
H104712,Sterling Ranch,Denver,Douglas County,416,Elm,DX-201,Duplex,3.0,2,1,1510,2,2,No basement,Flat,3700.0,False,75100,H. Lindqvist,2025-03-24,2025-05-23,2025-07-02,2025-08-15,,,,,BUILDPRO_EXPORT,In Progress,,False,scoring_set
H104768,Laurel Green,Edmonton,City of Edmonton,289,Hawthorn,SF-301,Single Family,3.0,2,0,1910,1,2,No basement,Flat,4150.0,False,41200,P. Sandoval,2025-05-09,2025-05-21,2025-07-21,2025-09-02,,,,,BUILDPRO_EXPORT,In Progress,,False,scoring_set
H104831,Laurel Green,Edmonton,City of Edmonton,357,Cedar,TH-103,Townhome,3.0,3,0,1400,2,1,No basement,Flat,2050.0,False,20000,A. Boucher,2025-07-09,2025-07-27,2025-09-13,2025-09-18,,,,,BUILDPRO_EXPORT,In Progress,,False,scoring_set
H105046,Legacy Gate,Calgary,Rocky View County,90,Birch,TH-102,Townhome,3.0,2,1,1340,2,1,Unfinished,Corner,1650.0,False,18300,E. Osei,2025-10-08,2025-08-13,2025-10-23,2025-11-07,,,,,BUILDPRO_EXPORT,In Progress,,False,scoring_set
H104774,Cranston Ridge,Calgary,City of Calgary,383,Dogwood,TH-104,Townhome,2.0,2,1,1180,2,1,No basement,Flat,2600.0,False,69900,T. Beaulieu,,2025-03-19,2025-07-05,2025-09-03,,,,,BUILDPRO_EXPORT,In Progress,,False,scoring_set
H104756,Windermere,Edmonton,City of Edmonton,281,Birch,TH-102,Townhome,3.0,2,1,1300,2,1,Unfinished,Flat,2400.0,False,48000,K. Thibodeau,2025-04-17,2025-06-13,2025-07-01,2025-08-29,,,,,BUILDPRO_EXPORT,In Progress,,False,scoring_set
H105036,Glenridding,Edmonton,City of Edmonton,93,Ironwood,SF-303,Single Family,4.0,3,0,2120,2,2,Unfinished,Walkout,6700.0,False,17400,A. Boucher,2025-06-27,2025-08-02,2025-09-28,2025-11-05,,,,,BUILDPRO_EXPORT,In Progress,,False,scoring_set
H104710,Legacy Gate,Calgary,Rocky View County,159,Larch,SF-307,Single Family,5.0,4,0,2710,2,3,Unfinished,Walkout,5700.0,True,8800,S. Ahmadi,,2025-06-13,2025-07-27,2025-08-14,,,,,BUILDPRO_EXPORT,In Progress,,False,scoring_set
H104988,Legacy Gate,Calgary,Rocky View County,246,Aspen,TH-101,Townhome,2.0,2,0,1250,2,1,No basement,Flat,2500.0,False,15400,D. Whitfield,2025-05-14,2025-08-22,2025-10-03,2025-10-23,,,,,BUILDPRO_EXPORT,In Progress,,False,scoring_set
H105014,Cranston Ridge,Calgary,City of Calgary,356,Oakmont,SF-302,Single Family,3.0,3,0,2280,1,3,Unfinished,Flat,6300.0,True,4200,A. Boucher,,2025-09-16,2025-10-11,2025-10-30,,,,,BUILDPRO_EXPORT,In Progress,,False,scoring_set
H105124,Auburn Meadows,Calgary,City of Calgary,99,Cedar,TH-103,Townhome,3.0,3,0,1370,2,1,No basement,Flat,1950.0,False,29100,E. Osei,2025-07-17,2025-09-10,2025-11-20,2025-11-27,,,,,BUILDPRO_EXPORT,In Progress,,False,scoring_set
H104929,Cranston Ridge,Calgary,City of Calgary,166,Elm,DX-201,Duplex,3.0,2,1,1500,2,2,No basement,Walkout,3600.0,False,19100,C. Nakamura,2025-05-20,2025-08-19,2025-09-15,2025-10-08,,,,,BUILDPRO_EXPORT,In Progress,,False,scoring_set
H105094,Auburn Meadows,Calgary,City of Calgary,231,Ironwood,SF-303,Single Family,4.0,3,0,1950,2,2,Finished,Walkout,5050.0,False,23200,L. Mwangi,2025-07-10,2025-10-18,2025-11-16,2025-11-21,,,,,BUILDPRO_EXPORT,In Progress,,False,scoring_set
H104805,Mahogany Point,Calgary,Rocky View County,288,Larch,SF-307,Single Family,5.0,4,0,2810,2,3,Unfinished,Flat,4400.0,False,11500,P. Sandoval,2025-07-24,2025-05-15,2025-08-20,2025-09-12,,,,,BUILDPRO_EXPORT,In Progress,,False,scoring_set
H104998,Mahogany Point,Calgary,Rocky View County,212,Elm,DX-201,Duplex,3.0,2,1,1630,2,2,Unfinished,Flat,4300.0,False,53600,M. Petrov,2025-09-22,2025-09-16,2025-10-02,2025-10-27,,,,,BUILDPRO_EXPORT,In Progress,,False,scoring_set
H105060,Glenridding,Edmonton,City of Edmonton,280,Larch,SF-307,Single Family,5.0,4,0,2770,2,3,Unfinished,Corner,7400.0,False,43000,S. Ahmadi,2025-06-06,2025-10-22,2025-10-28,2025-11-11,,,,,BUILDPRO_EXPORT,In Progress,,False,scoring_set
H105178,Keswick Landing,Edmonton,Leduc County,195,Oakmont,SF-302,Single Family,3.0,3,0,2160,1,3,Unfinished,Flat,7300.0,False,28400,J. Abadi,2025-08-09,2025-11-14,2025-12-04,2025-12-11,,,,,BUILDPRO_EXPORT,In Progress,,False,scoring_set
H104881,Green Valley,Denver,City of Denver,122,Aspen,TH-101,Townhome,2.0,2,0,1100,2,1,No basement,Flat,1700.0,True,17300,H. Lindqvist,,2025-05-29,2025-08-27,2025-09-29,,,,,BUILDPRO_EXPORT,In Progress,,False,scoring_set
H104999,Barefoot Lakes,Denver,Adams County,263,Poplar,SF-306,Single Family,4.0,4,0,2620,2,2,Unfinished,Flat,6000.0,False,44100,S. Ahmadi,2025-07-09,2025-09-04,2025-10-03,2025-10-27,,,,,BUILDPRO_EXPORT,In Progress,,False,scoring_set
H105047,Green Valley,Denver,City of Denver,29,Fir,DX-202,Duplex,3.0,3,0,1670,2,2,Unfinished,Walkout,3050.0,True,6300,J. Abadi,,2025-08-10,2025-10-07,2025-11-07,,,,,BUILDPRO_EXPORT,In Progress,,False,scoring_set
H105195,Mahogany Point,Calgary,Rocky View County,388,Juniper,SF-304,Single Family,4.0,3,1,2330,2,2,Unfinished,Flat,7100.0,False,69700,S. Ahmadi,2025-10-30,2025-09-20,2025-10-25,2025-12-17,,,,,BUILDPRO_EXPORT,In Progress,,False,scoring_set
H105070,Windermere,Edmonton,City of Edmonton,398,Cedar,TH-103,Townhome,3.0,3,0,1420,2,1,No basement,Flat,2300.0,False,18100,F. Kowalski,2025-09-25,2025-09-05,2025-09-22,2025-11-15,,,,,BUILDPRO_EXPORT,In Progress,,False,scoring_set
H105037,Riverbend,Calgary,City of Calgary,255,Aspen,TH-101,Townhome,2.0,2,0,1150,2,1,No basement,Flat,2250.0,False,15200,G. Ramirez,2025-07-13,2025-08-21,2025-10-03,2025-11-05,,,,,BUILDPRO_EXPORT,In Progress,,False,scoring_set
H104714,Sterling Ranch,Denver,Douglas County,199,Cedar,TH-103,Townhome,3.0,3,0,1410,2,1,No basement,Flat,2450.0,False,25000,A. Boucher,2025-05-23,2025-06-14,2025-08-02,2025-08-16,,,,,BUILDPRO_EXPORT,In Progress,,False,scoring_set
H105003,Cranston Ridge,Calgary,City of Calgary,145,Nyssa,SF-309,Single Family,5.0,5,0,3310,2,3,Finished,Flat,7850.0,False,46200,V. Okonkwo,2025-06-29,2025-09-02,2025-09-11,2025-10-27,,,,,BUILDPRO_EXPORT,In Progress,,False,scoring_set
H105158,Auburn Meadows,Calgary,City of Calgary,7,Nyssa,SF-309,Single Family,5.0,5,0,3260,2,3,Finished,Walkout,6100.0,False,25300,N. Ferreira,2025-07-05,2025-08-24,2025-10-10,2025-12-05,,,,,BUILDPRO_EXPORT,In Progress,,False,scoring_set
H104851,Windermere,Edmonton,City of Edmonton,326,Dogwood,TH-104,Townhome,2.0,2,1,1190,2,1,No basement,Flat,2350.0,False,27400,R. Ivanova,,2025-07-08,2025-07-27,2025-09-22,,,,,BUILDPRO_EXPORT,In Progress,,False,scoring_set
H105210,Aurora Highlands,Denver,Adams County,263,Aspen,TH-101,Townhome,2.0,2,0,1230,2,1,No basement,Flat,2450.0,False,30000,D. Whitfield,2025-09-25,2025-11-23,2025-11-29,2025-12-23,,,,,BUILDPRO_EXPORT,In Progress,,False,scoring_set
H105137,Wildgrass,Denver,Douglas County,243,Poplar,SF-306,Single Family,4.0,4,0,2780,2,2,Finished,Corner,8200.0,False,14300,L. Mwangi,2025-07-21,2025-09-06,2025-11-10,2025-12-01,,,,,BUILDPRO_EXPORT,In Progress,,False,scoring_set
H104980,Auburn Meadows,Calgary,City of Calgary,231,Nyssa,SF-309,Single Family,5.0,5,0,3550,2,3,Unfinished,Walkout,6200.0,True,3200,S. Ahmadi,,2025-09-12,2025-10-05,2025-10-21,,,,,BUILDPRO_EXPORT,In Progress,,False,scoring_set
H105205,Aurora Highlands,Denver,Adams County,70,Maple,SF-308,Single Family,5.0,4,1,3100,2,3,Unfinished,Flat,4600.0,False,47300,S. Ahmadi,2025-11-18,2025-09-23,2025-11-02,2025-12-18,,,,,BUILDPRO_EXPORT,In Progress,,False,scoring_set
H105226,Green Valley,Denver,City of Denver,152,Katsura,SF-305,Single Family,4.0,4,0,2740,2,3,No basement,Flat,5700.0,False,9700,R. Ivanova,,2025-09-08,2025-11-06,2025-12-28,,,,,BUILDPRO_EXPORT,In Progress,,False,scoring_set
H104705,Sterling Ranch,Denver,Douglas County,408,Katsura,SF-305,Single Family,4.0,4,0,2690,2,3,Unfinished,Flat,2950.0,False,86900,R. Ivanova,2025-05-31,2025-07-01,2025-07-25,2025-08-13,,,,,BUILDPRO_EXPORT,In Progress,,False,scoring_set
H104904,Legacy Gate,Calgary,Rocky View County,106,Birch,TH-102,Townhome,3.0,2,1,1320,2,1,No basement,Corner,2000.0,False,48900,A. Boucher,,2025-04-16,2025-08-23,2025-10-03,,,,,BUILDPRO_EXPORT,In Progress,,False,scoring_set
H104838,Aurora Highlands,Denver,Adams County,179,Juniper,SF-304,Single Family,4.0,3,1,2460,2,2,Finished,Flat,5350.0,False,46200,N. Ferreira,2025-04-10,2025-08-27,2025-09-13,2025-09-20,,,,,BUILDPRO_EXPORT,In Progress,,False,scoring_set
H105111,Sterling Ranch,Denver,Douglas County,336,Maple,SF-308,Single Family,5.0,4,1,3270,2,3,No basement,Walkout,6050.0,False,52700,J. Abadi,2025-08-12,2025-10-02,2025-11-09,2025-11-24,,,,,BUILDPRO_EXPORT,In Progress,,False,scoring_set
H105217,Riverbend,Calgary,City of Calgary,149,Oakmont,SF-302,Single Family,3.0,3,0,2000,1,3,Finished,Flat,6000.0,False,104500,L. Mwangi,2025-10-20,2025-10-05,2025-12-04,2025-12-26,,,,,BUILDPRO_EXPORT,In Progress,,False,scoring_set
H105049,Laurel Green,Edmonton,City of Edmonton,216,Cedar,TH-103,Townhome,3.0,3,0,1370,2,1,No basement,Corner,2350.0,False,21700,A. Boucher,2025-06-01,2025-09-10,2025-10-04,2025-11-08,,,,,BUILDPRO_EXPORT,In Progress,,False,scoring_set
H104741,Windermere,Edmonton,City of Edmonton,336,Nyssa,SF-309,Single Family,5.0,5,0,3410,2,3,Finished,Flat,6100.0,True,7000,S. Ahmadi,,2025-07-04,2025-08-13,2025-08-25,,,,,BUILDPRO_EXPORT,In Progress,,False,scoring_set
H104814,Mahogany Point,Calgary,Rocky View County,342,Dogwood,TH-104,Townhome,2.0,2,1,1240,2,1,No basement,Flat,2500.0,False,17400,D. Whitfield,,2025-04-29,2025-07-16,2025-09-14,,,,,BUILDPRO_EXPORT,In Progress,,False,scoring_set
H104682,Glenridding,Edmonton,City of Edmonton,59,Cedar,TH-103,Townhome,3.0,3,0,1380,2,1,No basement,Flat,2150.0,False,48200,D. Whitfield,,2025-06-11,2025-07-24,2025-08-08,,,,,BUILDPRO_EXPORT,In Progress,,False,scoring_set
H105116,Green Valley,Denver,City of Denver,91,Fir,DX-202,Duplex,3.0,3,0,1660,2,2,Unfinished,Flat,2800.0,False,38100,G. Ramirez,2025-09-12,2025-08-03,2025-11-13,2025-11-26,,,,,BUILDPRO_EXPORT,In Progress,,False,scoring_set
H105141,Keswick Landing,Edmonton,Leduc County,382,Katsura,SF-305,Single Family,4.0,4,0,2520,2,3,Finished,Walkout,5950.0,True,8600,T. Beaulieu,,2025-08-14,2025-11-04,2025-12-01,,,,,BUILDPRO_EXPORT,In Progress,,False,scoring_set
H104697,Keswick Landing,Edmonton,Leduc County,311,Cedar,TH-103,Townhome,3.0,3,0,1570,2,1,No basement,Flat,2000.0,False,31100,F. Kowalski,2025-03-27,2025-07-01,2025-08-02,2025-08-12,,,,,BUILDPRO_EXPORT,In Progress,,False,scoring_set
H104923,Wildgrass,Denver,Douglas County,294,Birch,TH-102,Townhome,3.0,2,1,1300,2,1,Unfinished,Flat,2800.0,False,19200,A. Boucher,2025-06-01,2025-05-31,2025-08-27,2025-10-07,,,,,BUILDPRO_EXPORT,In Progress,,False,scoring_set
H105191,Laurel Green,Edmonton,City of Edmonton,284,Poplar,SF-306,Single Family,4.0,4,0,2820,2,2,Unfinished,Flat,4050.0,False,7400,W. Halvorsen,,2025-09-17,2025-10-29,2025-12-16,,,,,BUILDPRO_EXPORT,In Progress,,False,scoring_set
H105109,Legacy Gate,Calgary,Rocky View County,57,Birch,TH-102,Townhome,3.0,2,1,1360,2,1,No basement,Flat,2950.0,True,14300,E. Osei,,2025-08-27,2025-11-02,2025-11-24,,,,,BUILDPRO_EXPORT,In Progress,,False,scoring_set
H104669,Legacy Gate,Calgary,Rocky View County,391,Juniper,SF-304,Single Family,4.0,3,1,2250,2,2,No basement,Corner,4900.0,False,50100,N. Ferreira,2025-03-26,2025-06-15,2025-07-21,2025-08-05,,,,,BUILDPRO_EXPORT,In Progress,,False,scoring_set
H104936,Legacy Gate,Calgary,Rocky View County,405,Birch,TH-102,Townhome,3.0,2,1,1290,2,1,Unfinished,Flat,2350.0,False,30500,G. Ramirez,2025-07-24,2025-07-25,2025-08-22,2025-10-11,,,,,BUILDPRO_EXPORT,In Progress,,False,scoring_set
H104985,Aurora Highlands,Denver,Adams County,250,Birch,TH-102,Townhome,3.0,2,1,1350,2,1,No basement,Flat,2600.0,False,22600,C. Nakamura,2025-05-25,2025-07-01,2025-08-29,2025-10-22,,,,,BUILDPRO_EXPORT,In Progress,,False,scoring_set
H105071,Cranston Ridge,Calgary,City of Calgary,407,Fir,DX-202,Duplex,3.0,3,0,1740,2,2,No basement,Flat,3600.0,False,43000,J. Abadi,2025-06-27,2025-08-08,2025-10-02,2025-11-15,,,,,BUILDPRO_EXPORT,In Progress,,False,scoring_set
H104691,Glenridding,Edmonton,City of Edmonton,242,Cedar,TH-103,Townhome,3.0,3,0,1260,2,1,No basement,Flat,2550.0,False,31300,K. Thibodeau,2025-03-13,2025-06-28,2025-07-08,2025-08-11,,,,,BUILDPRO_EXPORT,In Progress,,False,scoring_set
H104681,Aurora Highlands,Denver,Adams County,221,Dogwood,TH-104,Townhome,2.0,2,1,1150,2,1,No basement,Flat,2400.0,False,24900,A. Boucher,2025-03-12,2025-07-15,2025-07-23,2025-08-08,,,,,BUILDPRO_EXPORT,In Progress,,False,scoring_set
H105127,Cranston Ridge,Calgary,City of Calgary,196,Aspen,TH-101,Townhome,2.0,2,0,1200,2,1,No basement,Flat,2000.0,False,67800,M. Petrov,2025-10-26,2025-10-11,2025-11-14,2025-11-28,,,,,BUILDPRO_EXPORT,In Progress,,False,scoring_set
H105230,Legacy Gate,Calgary,Rocky View County,157,Nyssa,SF-309,Single Family,5.0,5,0,3390,2,3,Unfinished,Walkout,6400.0,True,11300,H. Lindqvist,,2025-11-30,2025-12-20,2025-12-30,,,,,BUILDPRO_EXPORT,In Progress,,False,scoring_set
H104684,Keswick Landing,Edmonton,Leduc County,229,Dogwood,TH-104,Townhome,2.0,2,1,1270,2,1,No basement,Flat,2100.0,False,38100,G. Ramirez,2025-03-09,2025-06-07,2025-07-20,2025-08-09,,,,,BUILDPRO_EXPORT,In Progress,,False,scoring_set
H105132,Glenridding,Edmonton,City of Edmonton,261,Oakmont,SF-302,Single Family,3.0,3,0,2180,1,3,Finished,Flat,5350.0,False,35800,M. Petrov,,2025-10-04,2025-11-02,2025-11-29,,,,,BUILDPRO_EXPORT,In Progress,,False,scoring_set
H105220,Auburn Meadows,Calgary,City of Calgary,183,Cedar,TH-103,Townhome,3.0,3,0,1500,2,1,No basement,Flat,2750.0,True,3600,A. Boucher,,2025-11-02,2025-12-17,2025-12-27,,,,,BUILDPRO_EXPORT,In Progress,,False,scoring_set
H105186,Windermere,Edmonton,City of Edmonton,349,Ginkgo,DX-203,Duplex,4.0,3,0,1650,2,2,Finished,Flat,3600.0,False,30300,K. Thibodeau,2025-10-18,2025-10-11,2025-10-25,2025-12-13,,,,,BUILDPRO_EXPORT,In Progress,,False,scoring_set
H104986,Laurel Green,Edmonton,City of Edmonton,98,Oakmont,SF-302,Single Family,3.0,3,0,2240,1,3,Unfinished,Flat,8000.0,False,9400,E. Osei,2025-05-12,2025-09-07,2025-09-18,2025-10-23,,,,,BUILDPRO_EXPORT,In Progress,,False,scoring_set
H104821,Glenridding,Edmonton,City of Edmonton,82,Cedar,TH-103,Townhome,3.0,3,0,1310,2,1,Unfinished,Flat,2400.0,True,9000,J. Abadi,,2025-08-31,2025-09-09,2025-09-16,,,,,BUILDPRO_EXPORT,In Progress,,False,scoring_set
H104711,Laurel Green,Edmonton,City of Edmonton,206,Aspen,TH-101,Townhome,2.0,2,0,1170,2,1,No basement,Corner,,True,6800,F. Kowalski,,2025-05-25,2025-06-18,2025-08-14,,,,,BUILDPRO_EXPORT,In Progress,,False,scoring_set
H104748,Keswick Landing,Edmonton,Leduc County,332,Birch,TH-102,Townhome,3.0,2,1,1240,2,1,No basement,Flat,2900.0,False,57600,A. Boucher,2025-05-24,2025-07-27,2025-08-09,2025-08-26,,,,,BUILDPRO_EXPORT,In Progress,,False,scoring_set
H104902,Riverbend,Calgary,City of Calgary,413,Birch,TH-102,Townhome,3.0,2,1,1290,2,1,No basement,Flat,2100.0,False,30100,G. Ramirez,2025-07-15,2025-07-25,2025-08-20,2025-10-02,,,,,BUILDPRO_EXPORT,In Progress,,False,scoring_set
H104724,Riverbend,Calgary,City of Calgary,409,Nyssa,SF-309,Single Family,5.0,5,0,3170,2,3,Unfinished,Walkout,5100.0,False,61300,V. Okonkwo,2025-03-31,2025-06-23,2025-07-10,2025-08-18,,,,,BUILDPRO_EXPORT,In Progress,,False,scoring_set
H105167,Sterling Ranch,Denver,Douglas County,84,Hawthorn,SF-301,Single Family,3.0,2,0,1700,1,2,Finished,Flat,6100.0,False,36900,K. Thibodeau,2025-08-17,2025-10-09,2025-11-08,2025-12-08,,,,,BUILDPRO_EXPORT,In Progress,,False,scoring_set
H105018,Sterling Ranch,Denver,Douglas County,293,Fir,DX-202,Duplex,,3,0,1700,2,2,Finished,Flat,2950.0,False,21900,G. Ramirez,2025-07-19,2025-08-15,2025-09-24,2025-10-31,,,,,BUILDPRO_EXPORT,In Progress,,False,scoring_set
H105204,Legacy Gate,Calgary,Rocky View County,419,Ironwood,SF-303,Single Family,4.0,3,0,2120,2,2,Unfinished,Flat,5000.0,False,26000,A. Boucher,2025-10-31,2025-10-25,2025-11-12,2025-12-18,,,,,BUILDPRO_EXPORT,In Progress,,False,scoring_set
H104901,Laurel Green,Edmonton,City of Edmonton,346,Fir,DX-202,Duplex,3.0,3,0,1760,2,2,Finished,Corner,3400.0,False,18200,G. Ramirez,2025-08-04,2025-08-06,2025-09-06,2025-10-02,,,,,BUILDPRO_EXPORT,In Progress,,False,scoring_set
H105053,Legacy Gate,Calgary,Rocky View County,333,Hawthorn,SF-301,Single Family,3.0,2,0,1950,1,2,Unfinished,Flat,2400.0,True,7500,A. Boucher,,2025-08-16,2025-10-30,2025-11-09,,,,,BUILDPRO_EXPORT,In Progress,,False,scoring_set
H105180,Riverbend,Calgary,City of Calgary,400,Birch,TH-102,Townhome,3.0,2,1,1270,2,1,No basement,Flat,2350.0,False,14300,A. Boucher,2025-10-17,2025-10-01,2025-11-19,2025-12-12,,,,,BUILDPRO_EXPORT,In Progress,,False,scoring_set
H105042,Legacy Gate,Calgary,Rocky View County,212,Ironwood,SF-303,Single Family,4.0,3,0,1990,2,2,Unfinished,Flat,6550.0,False,34600,G. Ramirez,2025-09-18,2025-07-23,2025-10-07,2025-11-07,,,,,BUILDPRO_EXPORT,In Progress,,False,scoring_set
H105045,Legacy Gate,Calgary,Rocky View County,278,Cedar,TH-103,Townhome,3.0,3,0,1420,2,1,Unfinished,Flat,2050.0,False,67600,E. Osei,,2025-06-25,2025-10-22,2025-11-07,,,,,BUILDPRO_EXPORT,In Progress,,False,scoring_set
H104934,Laurel Green,Edmonton,City of Edmonton,238,Fir,DX-202,Duplex,3.0,3,0,1610,2,2,No basement,Flat,4000.0,True,1500,S. Ahmadi,,2025-08-23,2025-09-11,2025-10-10,,,,,BUILDPRO_EXPORT,In Progress,,False,scoring_set
H104888,Wildgrass,Denver,Douglas County,2,Ironwood,SF-303,Single Family,4.0,3,0,2110,2,2,No basement,Flat,2700.0,False,30800,T. Beaulieu,2025-06-12,2025-05-29,2025-09-15,2025-09-30,,,,,BUILDPRO_EXPORT,In Progress,,False,scoring_set
H104699,Barefoot Lakes,Denver,Adams County,35,Aspen,TH-101,Townhome,2.0,2,0,1130,2,1,No basement,Flat,2550.0,False,20300,C. Nakamura,2025-03-21,2025-05-30,2025-06-26,2025-08-12,,,,,BUILDPRO_EXPORT,In Progress,,False,scoring_set
H105044,Green Valley,Denver,City of Denver,80,Larch,SF-307,Single Family,5.0,4,0,2890,2,3,No basement,Flat,4350.0,False,61200,W. Halvorsen,2025-07-06,2025-05-16,2025-09-29,2025-11-07,,,,,BUILDPRO_EXPORT,In Progress,,False,scoring_set
H105122,Glenridding,Edmonton,City of Edmonton,128,Ironwood,SF-303,Single Family,4.0,3,0,2190,2,2,Unfinished,Flat,7350.0,False,25000,L. Mwangi,2025-07-18,2025-08-15,2025-10-09,2025-11-27,,,,,BUILDPRO_EXPORT,In Progress,,False,scoring_set
H105064,Riverbend,Calgary,City of Calgary,372,Oakmont,SF-302,Single Family,3.0,3,0,2290,1,3,Unfinished,Flat,4900.0,False,33900,M. Petrov,2025-06-17,2025-08-13,2025-10-28,2025-11-12,,,,,BUILDPRO_EXPORT,In Progress,,False,scoring_set
H105005,Laurel Green,Edmonton,City of Edmonton,211,Poplar,SF-306,Single Family,4.0,4,0,2770,2,2,Finished,Flat,3750.0,False,11700,F. Kowalski,2025-09-12,2025-08-20,2025-10-07,2025-10-28,,,,,BUILDPRO_EXPORT,In Progress,,False,scoring_set
H104992,Keswick Landing,Edmonton,Leduc County,127,Aspen,TH-101,Townhome,2.0,2,0,1120,2,1,Unfinished,Flat,2250.0,True,11400,A. Boucher,,2025-04-28,2025-09-28,2025-10-26,,,,,BUILDPRO_EXPORT,In Progress,,False,scoring_set
H105090,Legacy Gate,Calgary,Rocky View County,102,Aspen,TH-101,Townhome,2.0,2,0,1180,2,1,No basement,Flat,2750.0,False,29100,A. Boucher,,2025-08-12,2025-10-04,2025-11-19,,,,,BUILDPRO_EXPORT,In Progress,,False,scoring_set
H104715,Legacy Gate,Calgary,Rocky View County,16,Oakmont,SF-302,Single Family,3.0,3,0,2080,1,3,Finished,Walkout,6800.0,False,15300,L. Mwangi,2025-04-25,2025-06-18,2025-07-04,2025-08-16,,,,,BUILDPRO_EXPORT,In Progress,,False,scoring_set
H104918,Sterling Ranch,Denver,Douglas County,367,Fir,DX-202,Duplex,3.0,3,0,1680,2,2,Unfinished,Corner,3550.0,False,48300,N. Ferreira,2025-08-27,2025-08-24,2025-09-30,2025-10-06,,,,,BUILDPRO_EXPORT,In Progress,,False,scoring_set
H104730,Keswick Landing,Edmonton,Leduc County,248,Maple,SF-308,Single Family,5.0,4,1,3070,2,3,Unfinished,Corner,4900.0,True,4000,P. Sandoval,,2025-07-10,2025-08-06,2025-08-21,,,,,BUILDPRO_EXPORT,In Progress,,False,scoring_set
H104749,Auburn Meadows,Calgary,City of Calgary,258,Nyssa,SF-309,Single Family,5.0,5,0,3170,2,3,Unfinished,Flat,5450.0,False,32200,N. Ferreira,,2025-06-29,2025-07-27,2025-08-26,,,,,BUILDPRO_EXPORT,In Progress,,False,scoring_set
H104930,Keswick Landing,Edmonton,Leduc County,184,Hawthorn,SF-301,Single Family,3.0,2,0,1750,1,2,Unfinished,Flat,5550.0,True,2800,P. Sandoval,,2025-06-22,2025-10-03,2025-10-09,,,,,BUILDPRO_EXPORT,In Progress,,False,scoring_set
H105139,Auburn Meadows,Calgary,City of Calgary,325,Poplar,SF-306,Single Family,4.0,4,0,2750,2,2,Unfinished,Flat,6450.0,False,39100,T. Beaulieu,2025-09-10,2025-09-21,2025-10-16,2025-12-01,,,,,BUILDPRO_EXPORT,In Progress,,False,scoring_set
H104876,Wildgrass,Denver,Douglas County,202,Larch,SF-307,Single Family,5.0,4,0,2660,2,3,Finished,Walkout,6350.0,False,48800,J. Abadi,2025-08-08,2025-06-29,2025-08-12,2025-09-27,,,,,BUILDPRO_EXPORT,In Progress,,False,scoring_set
H104920,Mahogany Point,Calgary,Rocky View County,205,Fir,DX-202,Duplex,3.0,3,0,1690,2,2,No basement,Flat,3150.0,False,11200,V. Okonkwo,2025-09-04,2025-07-27,2025-08-18,2025-10-07,,,,,BUILDPRO_EXPORT,In Progress,,False,scoring_set
H105216,Auburn Meadows,Calgary,City of Calgary,127,Cedar,TH-103,Townhome,,3,0,1510,2,1,No basement,Corner,2700.0,True,6200,H. Lindqvist,,2025-09-05,2025-11-07,2025-12-26,,,,,BUILDPRO_EXPORT,In Progress,,False,scoring_set
H104887,Windermere,Edmonton,City of Edmonton,299,Birch,TH-102,Townhome,3.0,2,1,1300,2,1,No basement,Corner,2100.0,False,15500,F. Kowalski,2025-05-23,2025-07-23,2025-08-12,2025-09-30,,,,,BUILDPRO_EXPORT,In Progress,,False,scoring_set
H105065,Legacy Gate,Calgary,Rocky View County,168,Oakmont,SF-302,Single Family,3.0,3,0,2160,1,3,Finished,Flat,5100.0,False,16100,H. Lindqvist,,2025-09-10,2025-09-26,2025-11-12,,,,,BUILDPRO_EXPORT,In Progress,,False,scoring_set
H104852,Glenridding,Edmonton,City of Edmonton,407,Elm,DX-201,Duplex,3.0,2,1,1680,2,2,No basement,Corner,3550.0,True,4600,H. Lindqvist,,2025-06-30,2025-08-06,2025-09-22,,,,,BUILDPRO_EXPORT,In Progress,,False,scoring_set
H104779,Laurel Green,Edmonton,City of Edmonton,252,Dogwood,TH-104,Townhome,2.0,2,1,1360,2,1,Unfinished,Corner,2500.0,True,9500,D. Whitfield,,2025-05-16,2025-08-30,2025-09-05,,,,,BUILDPRO_EXPORT,In Progress,,False,scoring_set
H104932,Barefoot Lakes,Denver,Adams County,36,Birch,TH-102,Townhome,3.0,2,1,1350,2,1,Unfinished,Flat,2750.0,False,97600,L. Mwangi,2025-06-13,2025-08-22,2025-09-28,2025-10-09,,,,,BUILDPRO_EXPORT,In Progress,,False,scoring_set
H105148,Auburn Meadows,Calgary,City of Calgary,275,Maple,SF-308,Single Family,5.0,4,1,3070,2,3,Finished,Flat,6000.0,False,26500,W. Halvorsen,2025-10-31,2025-11-09,2025-11-26,2025-12-02,,,,,BUILDPRO_EXPORT,In Progress,,False,scoring_set
H104953,Auburn Meadows,Calgary,City of Calgary,10,Aspen,TH-101,Townhome,2.0,2,0,1240,2,1,No basement,Flat,2550.0,False,24600,E. Osei,2025-08-12,2025-07-25,2025-09-22,2025-10-15,,,,,BUILDPRO_EXPORT,In Progress,,False,scoring_set
H105081,Auburn Meadows,Calgary,City of Calgary,348,Birch,TH-102,Townhome,3.0,2,1,1260,2,1,Unfinished,Flat,2750.0,False,24600,C. Nakamura,2025-08-16,2025-10-02,2025-11-09,2025-11-18,,,,,BUILDPRO_EXPORT,In Progress,,False,scoring_set
H105068,Wildgrass,Denver,Douglas County,41,Nyssa,SF-309,Single Family,5.0,5,0,3240,2,3,Unfinished,Flat,6150.0,True,12200,W. Halvorsen,,2025-10-06,2025-10-31,2025-11-13,,,,,BUILDPRO_EXPORT,In Progress,,False,scoring_set
H104777,Green Valley,Denver,City of Denver,3,Ginkgo,DX-203,Duplex,4.0,3,0,1710,2,2,Unfinished,Flat,4350.0,False,31400,C. Nakamura,2025-03-25,2025-07-02,2025-07-31,2025-09-04,,,,,BUILDPRO_EXPORT,In Progress,,False,scoring_set
H104778,Barefoot Lakes,Denver,Adams County,59,Larch,SF-307,Single Family,5.0,4,0,2950,2,3,Finished,Flat,6950.0,False,32400,E. Osei,2025-04-17,2025-06-14,2025-08-01,2025-09-04,,,,,BUILDPRO_EXPORT,In Progress,,False,scoring_set
H105082,Mahogany Point,Calgary,Rocky View County,184,Birch,TH-102,Townhome,3.0,2,1,1250,2,1,No basement,Flat,2800.0,False,18500,L. Mwangi,2025-08-06,2025-08-24,2025-09-23,2025-11-18,,,,,BUILDPRO_EXPORT,In Progress,,False,scoring_set
H104879,Keswick Landing,Edmonton,Leduc County,27,Maple,SF-308,Single Family,5.0,4,1,3200,2,3,No basement,Corner,3700.0,True,6700,V. Okonkwo,,2025-08-04,2025-08-18,2025-09-28,,,,,BUILDPRO_EXPORT,In Progress,,False,scoring_set
H104797,Windermere,Edmonton,City of Edmonton,333,Oakmont,SF-302,Single Family,3.0,3,0,2250,1,3,Finished,Flat,5200.0,False,34700,G. Ramirez,,2025-07-08,2025-08-13,2025-09-10,,,,,BUILDPRO_EXPORT,In Progress,,False,scoring_set
H104804,Green Valley,Denver,City of Denver,298,Dogwood,TH-104,Townhome,2.0,2,1,1220,2,1,Unfinished,Flat,2550.0,False,21900,C. Nakamura,2025-05-24,2025-05-20,2025-09-05,2025-09-12,,,,,BUILDPRO_EXPORT,In Progress,,False,scoring_set
H104807,Barefoot Lakes,Denver,Adams County,200,Ginkgo,DX-203,Duplex,4.0,3,0,1700,2,2,Finished,Flat,2850.0,False,49500,L. Mwangi,2025-04-02,2025-07-21,2025-08-12,2025-09-13,,,,,BUILDPRO_EXPORT,In Progress,,False,scoring_set
H104967,Aurora Highlands,Denver,Adams County,84,Fir,DX-202,Duplex,3.0,3,0,1620,2,2,No basement,Corner,2600.0,False,13100,D. Whitfield,2025-05-18,2025-09-06,2025-09-27,2025-10-18,,,,,BUILDPRO_EXPORT,In Progress,,False,scoring_set
H104894,Keswick Landing,Edmonton,Leduc County,408,Dogwood,TH-104,Townhome,2.0,2,1,1200,2,1,No basement,Flat,2900.0,False,10300,H. Lindqvist,2025-07-29,2025-05-23,2025-08-29,2025-10-01,,,,,BUILDPRO_EXPORT,In Progress,,False,scoring_set
H105039,Sterling Ranch,Denver,Douglas County,355,Cedar,TH-103,Townhome,3.0,3,0,1430,2,1,No basement,Flat,2350.0,False,28100,E. Osei,,2025-06-09,2025-10-01,2025-11-05,,,,,BUILDPRO_EXPORT,In Progress,,False,scoring_set
H104863,Windermere,Edmonton,City of Edmonton,269,Ironwood,SF-303,Single Family,4.0,3,0,2250,2,2,Finished,Corner,5550.0,True,9100,T. Beaulieu,,2025-09-09,2025-09-20,2025-09-25,,,,,BUILDPRO_EXPORT,In Progress,,False,scoring_set
H105222,Wildgrass,Denver,Douglas County,391,Elm,DX-201,Duplex,3.0,2,1,1610,2,2,Unfinished,Flat,4100.0,False,31700,V. Okonkwo,2025-08-11,2025-09-27,2025-11-23,2025-12-27,,,,,BUILDPRO_EXPORT,In Progress,,False,scoring_set
H105126,Riverbend,Calgary,City of Calgary,328,Maple,SF-308,Single Family,5.0,4,1,2940,2,3,Unfinished,Walkout,5500.0,False,70400,V. Okonkwo,2025-08-22,2025-10-24,2025-11-19,2025-11-28,,,,,BUILDPRO_EXPORT,In Progress,,False,scoring_set
H105224,Laurel Green,Edmonton,City of Edmonton,101,Fir,DX-202,Duplex,3.0,3,0,1720,2,2,No basement,Flat,3650.0,True,9500,L. Mwangi,,2025-10-26,2025-12-15,2025-12-28,,,,,BUILDPRO_EXPORT,In Progress,,False,scoring_set
H105106,Sterling Ranch,Denver,Douglas County,247,Elm,DX-201,Duplex,3.0,2,1,1640,2,2,No basement,Flat,3600.0,False,69300,K. Thibodeau,2025-10-01,2025-07-16,2025-09-25,2025-11-23,,,,,BUILDPRO_EXPORT,In Progress,,False,scoring_set
H105125,Glenridding,Edmonton,City of Edmonton,217,Aspen,TH-101,Townhome,2.0,2,0,1260,2,1,No basement,Flat,2600.0,False,50900,K. Thibodeau,2025-09-17,2025-09-17,2025-10-30,2025-11-28,,,,,BUILDPRO_EXPORT,In Progress,,False,scoring_set
H104690,Sterling Ranch,Denver,Douglas County,368,Aspen,TH-101,Townhome,2.0,2,0,1120,2,1,No basement,Flat,2750.0,False,30500,A. Boucher,2025-05-25,2025-03-30,2025-06-15,2025-08-11,,,,,BUILDPRO_EXPORT,In Progress,,False,scoring_set
H104964,Windermere,Edmonton,City of Edmonton,13,Cedar,TH-103,Townhome,3.0,3,0,1380,2,1,No basement,Flat,1500.0,False,3400,F. Kowalski,2025-09-06,2025-08-19,2025-09-22,2025-10-16,,,,,BUILDPRO_EXPORT,In Progress,,False,scoring_set
H105200,Green Valley,Denver,City of Denver,106,Birch,TH-102,Townhome,3.0,2,1,1370,2,1,No basement,Flat,2450.0,False,18700,C. Nakamura,2025-07-20,2025-09-29,2025-12-05,2025-12-18,,,,,BUILDPRO_EXPORT,In Progress,,False,scoring_set
H104679,Keswick Landing,Edmonton,Leduc County,177,Nyssa,SF-309,Single Family,5.0,5,0,3310,2,3,No basement,Flat,6200.0,False,54900,D. Whitfield,2025-03-19,2025-05-20,2025-07-12,2025-08-07,,,,,BUILDPRO_EXPORT,In Progress,,False,scoring_set
H104772,Mahogany Point,Calgary,Rocky View County,78,Ginkgo,DX-203,Duplex,4.0,3,0,1630,2,2,Unfinished,Corner,3300.0,False,39100,H. Lindqvist,,2025-05-20,2025-07-12,2025-09-02,,,,,BUILDPRO_EXPORT,In Progress,,False,scoring_set
H104659,Aurora Highlands,Denver,Adams County,135,Poplar,SF-306,Single Family,4.0,4,0,2850,2,2,Unfinished,Walkout,4900.0,True,8900,N. Ferreira,,2025-06-13,2025-07-09,2025-08-01,,,,,BUILDPRO_EXPORT,In Progress,,False,scoring_set
H105088,Auburn Meadows,Calgary,City of Calgary,153,Aspen,TH-101,Townhome,2.0,2,0,1190,2,1,No basement,Flat,2400.0,False,25900,H. Lindqvist,,2025-09-26,2025-10-24,2025-11-19,,,,,BUILDPRO_EXPORT,In Progress,,False,scoring_set
H104948,Keswick Landing,Edmonton,Leduc County,402,Oakmont,SF-302,Single Family,3.0,3,0,2190,1,3,Unfinished,Corner,5650.0,False,17000,E. Osei,2025-06-02,2025-08-07,2025-09-02,2025-10-14,,,,,BUILDPRO_EXPORT,In Progress,,False,scoring_set
H104972,Windermere,Edmonton,City of Edmonton,42,Birch,TH-102,Townhome,3.0,2,1,1320,2,1,No basement,Flat,1850.0,False,65200,N. Ferreira,2025-07-07,2025-07-23,2025-09-04,2025-10-19,,,,,BUILDPRO_EXPORT,In Progress,,False,scoring_set
H105078,Auburn Meadows,Calgary,City of Calgary,343,Nyssa,SF-309,Single Family,5.0,5,0,3320,2,3,Unfinished,Flat,3950.0,False,35900,K. Thibodeau,2025-09-04,2025-08-30,2025-11-07,2025-11-16,,,,,BUILDPRO_EXPORT,In Progress,,False,scoring_set
H105147,Keswick Landing,Edmonton,Leduc County,156,Ironwood,SF-303,Single Family,4.0,3,0,2160,2,2,Unfinished,Flat,6350.0,False,66000,J. Abadi,2025-09-05,2025-10-26,2025-11-04,2025-12-02,,,,,BUILDPRO_EXPORT,In Progress,,False,scoring_set
H104661,Barefoot Lakes,Denver,Adams County,412,Cedar,TH-103,Townhome,3.0,3,0,1380,2,1,No basement,Flat,2450.0,True,5900,C. Nakamura,,2025-04-25,2025-06-21,2025-08-02,,,,,BUILDPRO_EXPORT,In Progress,,False,scoring_set
H105211,Keswick Landing,Edmonton,Leduc County,273,Hawthorn,SF-301,Single Family,3.0,2,0,1820,1,2,Finished,Corner,6450.0,False,28200,D. Whitfield,2025-07-13,2025-08-12,2025-11-05,2025-12-23,,,,,BUILDPRO_EXPORT,In Progress,,False,scoring_set
H104717,Barefoot Lakes,Denver,Adams County,195,Aspen,TH-101,Townhome,2.0,2,0,1120,2,1,Unfinished,Corner,2150.0,False,81900,P. Sandoval,2025-06-14,2025-06-05,2025-07-11,2025-08-16,,,,,BUILDPRO_EXPORT,In Progress,,False,scoring_set
H105227,Barefoot Lakes,Denver,Adams County,281,Fir,DX-202,Duplex,3.0,3,0,1640,2,2,No basement,Flat,4600.0,False,26600,R. Ivanova,2025-11-22,2025-11-01,2025-12-16,2025-12-28,,,,,BUILDPRO_EXPORT,In Progress,,False,scoring_set
H105084,Barefoot Lakes,Denver,Adams County,65,Dogwood,TH-104,Townhome,2.0,2,1,1180,2,1,No basement,Flat,3050.0,False,29100,H. Lindqvist,2025-08-05,2025-08-16,2025-10-09,2025-11-18,,,,,BUILDPRO_EXPORT,In Progress,,False,scoring_set
H104663,Auburn Meadows,Calgary,City of Calgary,104,Larch,SF-307,Single Family,5.0,4,0,2890,2,3,Unfinished,Flat,6350.0,True,6500,T. Beaulieu,,2025-05-12,2025-07-03,2025-08-03,,,,,BUILDPRO_EXPORT,In Progress,,False,scoring_set
H105029,Aurora Highlands,Denver,Adams County,403,Hawthorn,SF-301,Single Family,3.0,2,0,1760,1,2,Finished,Corner,3850.0,False,13400,D. Whitfield,2025-08-22,2025-09-20,2025-10-09,2025-11-02,,,,,BUILDPRO_EXPORT,In Progress,,False,scoring_set
H104733,Barefoot Lakes,Denver,Adams County,12,Birch,TH-102,Townhome,3.0,2,1,1390,2,1,Unfinished,Flat,2100.0,False,24200,M. Petrov,2025-03-21,2025-06-27,2025-07-14,2025-08-21,,,,,BUILDPRO_EXPORT,In Progress,,False,scoring_set
H104850,Cranston Ridge,Calgary,City of Calgary,222,Aspen,TH-101,Townhome,2.0,2,0,1190,2,1,No basement,Flat,2300.0,False,50300,J. Abadi,2025-05-31,2025-07-31,2025-08-23,2025-09-22,,,,,BUILDPRO_EXPORT,In Progress,,False,scoring_set
H105177,Laurel Green,Edmonton,City of Edmonton,202,Birch,TH-102,Townhome,3.0,2,1,1330,2,1,No basement,Flat,2550.0,False,55900,T. Beaulieu,2025-10-20,2025-11-13,2025-12-06,2025-12-11,,,,,BUILDPRO_EXPORT,In Progress,,False,scoring_set
H104875,Cranston Ridge,Calgary,City of Calgary,198,Oakmont,SF-302,Single Family,3.0,3,0,2360,1,3,Finished,Flat,7500.0,False,3900,P. Sandoval,2025-08-25,2025-07-31,2025-09-18,2025-09-27,,,,,BUILDPRO_EXPORT,In Progress,,False,scoring_set
H104739,Mahogany Point,Calgary,Rocky View County,332,Cedar,TH-103,Townhome,3.0,3,0,1460,2,1,No basement,Flat,2050.0,True,8000,T. Beaulieu,,2025-03-17,2025-07-08,2025-08-24,,,,,BUILDPRO_EXPORT,In Progress,,False,scoring_set
H105073,Cranston Ridge,Calgary,City of Calgary,158,Ginkgo,DX-203,Duplex,4.0,3,0,1700,2,2,No basement,Flat,3150.0,False,17600,E. Osei,2025-10-13,2025-08-24,2025-09-17,2025-11-15,,,,,BUILDPRO_EXPORT,In Progress,,False,scoring_set
H104685,Mahogany Point,Calgary,Rocky View County,329,Birch,TH-102,Townhome,3.0,2,1,1230,2,1,No basement,Flat,2150.0,False,45000,H. Lindqvist,2025-06-04,2025-04-19,2025-06-14,2025-08-09,,,,,BUILDPRO_EXPORT,In Progress,,False,scoring_set
H105013,Keswick Landing,Edmonton,Leduc County,114,Oakmont,SF-302,Single Family,3.0,3,0,2260,1,3,Finished,Walkout,6500.0,False,68200,P. Sandoval,2025-09-04,2025-09-13,2025-10-22,2025-10-30,,,,,BUILDPRO_EXPORT,In Progress,,False,scoring_set
H105009,Wildgrass,Denver,Douglas County,177,Cedar,TH-103,Townhome,3.0,3,0,1430,2,1,No basement,Flat,2450.0,False,9200,A. Boucher,2025-07-13,2025-06-20,2025-09-27,2025-10-29,,,,,BUILDPRO_EXPORT,In Progress,,False,scoring_set
H105101,Auburn Meadows,Calgary,City of Calgary,333,Nyssa,SF-309,Single Family,5.0,5,0,3610,2,3,Unfinished,Walkout,5450.0,False,14300,R. Ivanova,2025-07-10,2025-10-24,2025-11-09,2025-11-22,,,,,BUILDPRO_EXPORT,In Progress,,False,scoring_set
H105112,Riverbend,Calgary,City of Calgary,287,Nyssa,SF-309,Single Family,5.0,5,0,3600,2,3,Unfinished,Flat,5050.0,True,3600,S. Ahmadi,,2025-10-15,2025-10-29,2025-11-25,,,,,BUILDPRO_EXPORT,In Progress,,False,scoring_set
H104907,Cranston Ridge,Calgary,City of Calgary,372,Cedar,TH-103,Townhome,3.0,3,0,1420,2,1,Unfinished,Flat,2450.0,False,19200,F. Kowalski,2025-05-09,2025-08-06,2025-09-20,2025-10-03,,,,,BUILDPRO_EXPORT,In Progress,,False,scoring_set
H104767,Riverbend,Calgary,City of Calgary,376,Birch,TH-102,Townhome,3.0,2,1,1380,2,1,No basement,Flat,2300.0,False,26700,H. Lindqvist,,2025-06-04,2025-07-31,2025-09-01,,,,,BUILDPRO_EXPORT,In Progress,,False,scoring_set
H104942,Mahogany Point,Calgary,Rocky View County,10,Maple,SF-308,Single Family,5.0,4,1,3050,2,3,Finished,Corner,4400.0,False,57800,S. Ahmadi,,2025-08-29,2025-10-05,2025-10-13,,,,,BUILDPRO_EXPORT,In Progress,,False,scoring_set
H104806,Green Valley,Denver,City of Denver,78,Dogwood,TH-104,Townhome,2.0,2,1,1260,2,1,No basement,Flat,2600.0,False,47000,J. Abadi,2025-04-19,2025-06-09,2025-07-30,2025-09-12,,,,,BUILDPRO_EXPORT,In Progress,,False,scoring_set
H104673,Auburn Meadows,Calgary,City of Calgary,51,Fir,DX-202,Duplex,3.0,3,0,1730,2,2,No basement,Flat,3200.0,False,63700,W. Halvorsen,2025-04-28,2025-05-14,2025-06-19,2025-08-06,,,,,BUILDPRO_EXPORT,In Progress,,False,scoring_set
H104833,Legacy Gate,Calgary,Rocky View County,203,Katsura,SF-305,Single Family,4.0,4,0,2640,2,3,Unfinished,Flat,5350.0,True,32000,W. Halvorsen,,2025-06-03,2025-08-21,2025-09-18,,,,,BUILDPRO_EXPORT,In Progress,,False,scoring_set
H105023,Riverbend,Calgary,City of Calgary,201,Dogwood,TH-104,Townhome,2.0,2,1,1220,2,1,No basement,Flat,2300.0,False,37100,T. Beaulieu,2025-08-08,2025-08-13,2025-10-09,2025-11-01,,,,,BUILDPRO_EXPORT,In Progress,,False,scoring_set
H104773,Green Valley,Denver,City of Denver,135,Oakmont,SF-302,Single Family,3.0,3,0,2140,1,3,Finished,Flat,6450.0,False,53600,F. Kowalski,2025-04-14,2025-05-13,2025-07-30,2025-09-02,,,,,BUILDPRO_EXPORT,In Progress,,False,scoring_set
H104824,Auburn Meadows,Calgary,City of Calgary,124,Aspen,TH-101,Townhome,2.0,2,0,1170,2,1,No basement,Flat,2750.0,False,42500,N. Ferreira,2025-06-10,2025-07-12,2025-08-07,2025-09-16,,,,,BUILDPRO_EXPORT,In Progress,,False,scoring_set
H105146,Laurel Green,Edmonton,City of Edmonton,183,Aspen,TH-101,Townhome,2.0,2,0,1160,2,1,No basement,Flat,1800.0,False,25800,G. Ramirez,2025-10-13,2025-10-04,2025-10-29,2025-12-02,,,,,BUILDPRO_EXPORT,In Progress,,False,scoring_set
H104880,Sterling Ranch,Denver,Douglas County,202,Juniper,SF-304,Single Family,4.0,3,1,2300,2,2,Unfinished,Corner,5900.0,False,18600,L. Mwangi,2025-06-26,2025-06-29,2025-08-27,2025-09-28,,,,,BUILDPRO_EXPORT,In Progress,,False,scoring_set
H104718,Glenridding,Edmonton,City of Edmonton,19,Cedar,TH-103,Townhome,3.0,3,0,1380,2,1,No basement,Corner,3000.0,False,69400,K. Thibodeau,2025-05-01,2025-05-05,2025-07-19,2025-08-16,,,,,BUILDPRO_EXPORT,In Progress,,False,scoring_set
H105131,Barefoot Lakes,Denver,Adams County,416,Aspen,TH-101,Townhome,2.0,2,0,1250,2,1,No basement,Flat,1750.0,False,26900,J. Abadi,2025-10-16,2025-09-20,2025-10-09,2025-11-29,,,,,BUILDPRO_EXPORT,In Progress,,False,scoring_set
H104745,Keswick Landing,Edmonton,Leduc County,351,Dogwood,TH-104,Townhome,2.0,2,1,1200,2,1,No basement,Flat,2200.0,True,7900,E. Osei,,2025-07-11,2025-08-12,2025-08-26,,,,,BUILDPRO_EXPORT,In Progress,,False,scoring_set
H104823,Legacy Gate,Calgary,Rocky View County,102,Dogwood,TH-104,Townhome,2.0,2,1,1290,2,1,Unfinished,Flat,2150.0,False,51000,H. Lindqvist,2025-07-06,2025-04-12,2025-08-03,2025-09-16,,,,,BUILDPRO_EXPORT,In Progress,,False,scoring_set
H104757,Green Valley,Denver,City of Denver,52,Hawthorn,SF-301,Single Family,3.0,2,0,1890,1,2,Finished,Corner,4750.0,False,26600,F. Kowalski,2025-06-06,2025-07-10,2025-08-11,2025-08-29,,,,,BUILDPRO_EXPORT,In Progress,,False,scoring_set
H105149,Wildgrass,Denver,Douglas County,402,Larch,SF-307,Single Family,,4,0,2840,2,3,Finished,Corner,7250.0,False,25800,J. Abadi,2025-11-02,2025-09-07,2025-11-24,2025-12-02,,,,,BUILDPRO_EXPORT,In Progress,,False,scoring_set
H104827,Windermere,Edmonton,City of Edmonton,267,Elm,DX-201,Duplex,,2,1,1510,2,2,Unfinished,Flat,3450.0,False,57200,T. Beaulieu,,2025-05-30,2025-08-20,2025-09-17,,,,,BUILDPRO_EXPORT,In Progress,,False,scoring_set
H104931,Keswick Landing,Edmonton,Leduc County,227,Birch,TH-102,Townhome,3.0,2,1,1350,2,1,No basement,Flat,2600.0,True,10700,E. Osei,,2025-05-23,2025-09-07,2025-10-09,,,,,BUILDPRO_EXPORT,In Progress,,False,scoring_set
H104700,Wildgrass,Denver,Douglas County,280,Juniper,SF-304,Single Family,4.0,3,1,2460,2,2,Unfinished,Flat,6150.0,False,19900,V. Okonkwo,,2025-06-29,2025-07-29,2025-08-12,,,,,BUILDPRO_EXPORT,In Progress,,False,scoring_set
H104995,Cranston Ridge,Calgary,City of Calgary,15,Fir,DX-202,Duplex,3.0,3,0,1660,2,2,No basement,Flat,4650.0,False,33400,E. Osei,2025-08-01,2025-08-22,2025-10-11,2025-10-26,,,,,BUILDPRO_EXPORT,In Progress,,False,scoring_set
H105066,Glenridding,Edmonton,City of Edmonton,222,Juniper,SF-304,Single Family,,3,1,2290,2,2,Unfinished,Walkout,3450.0,False,16800,A. Boucher,2025-06-10,2025-09-12,2025-10-02,2025-11-12,,,,,BUILDPRO_EXPORT,In Progress,,False,scoring_set
H105056,Barefoot Lakes,Denver,Adams County,240,Cedar,TH-103,Townhome,3.0,3,0,1400,2,1,No basement,Flat,2900.0,False,38800,F. Kowalski,2025-09-16,2025-08-08,2025-09-24,2025-11-10,,,,,BUILDPRO_EXPORT,In Progress,,False,scoring_set
H104832,Wildgrass,Denver,Douglas County,97,Aspen,TH-101,Townhome,2.0,2,0,1230,2,1,Unfinished,Flat,1950.0,False,37700,T. Beaulieu,2025-08-19,2025-07-16,2025-09-10,2025-09-18,,,,,BUILDPRO_EXPORT,In Progress,,False,scoring_set
H104738,Legacy Gate,Calgary,Rocky View County,21,Cedar,TH-103,Townhome,3.0,3,0,1300,2,1,No basement,Flat,3350.0,True,1400,D. Whitfield,,2025-06-12,2025-07-05,2025-08-23,,,,,BUILDPRO_EXPORT,In Progress,,False,scoring_set
H104975,Legacy Gate,Calgary,Rocky View County,157,Birch,TH-102,Townhome,3.0,2,1,1230,2,1,No basement,Flat,1950.0,False,31500,N. Ferreira,2025-05-29,2025-08-02,2025-09-25,2025-10-19,,,,,BUILDPRO_EXPORT,In Progress,,False,scoring_set
H104687,Barefoot Lakes,Denver,Adams County,14,Juniper,SF-304,Single Family,4.0,3,1,2430,2,2,Unfinished,Flat,,False,42500,S. Ahmadi,2025-04-19,2025-07-03,2025-07-22,2025-08-10,,,,,BUILDPRO_EXPORT,In Progress,,False,scoring_set
H105128,Laurel Green,Edmonton,City of Edmonton,98,Cedar,TH-103,Townhome,3.0,3,0,1420,2,1,No basement,Flat,2350.0,False,19500,K. Thibodeau,2025-08-20,2025-10-10,2025-10-28,2025-11-28,,,,,BUILDPRO_EXPORT,In Progress,,False,scoring_set
H104915,Aurora Highlands,Denver,Adams County,341,Katsura,SF-305,Single Family,,4,0,2630,2,3,Unfinished,Corner,6300.0,False,19900,M. Petrov,2025-08-31,2025-05-22,2025-08-25,2025-10-05,,,,,BUILDPRO_EXPORT,In Progress,,False,scoring_set
H105041,Aurora Highlands,Denver,Adams County,100,Ginkgo,DX-203,Duplex,4.0,3,0,1690,2,2,Unfinished,Flat,2800.0,False,35900,M. Petrov,,2025-09-18,2025-10-06,2025-11-06,,,,,BUILDPRO_EXPORT,In Progress,,False,scoring_set
H104809,Barefoot Lakes,Denver,Adams County,346,Maple,SF-308,Single Family,5.0,4,1,3090,2,3,Finished,Corner,6750.0,False,22100,T. Beaulieu,2025-07-17,2025-07-06,2025-07-30,2025-09-13,,,,,BUILDPRO_EXPORT,In Progress,,False,scoring_set
H104725,Legacy Gate,Calgary,Rocky View County,78,Aspen,TH-101,Townhome,2.0,2,0,1210,2,1,No basement,Flat,2050.0,False,38000,C. Nakamura,2025-04-27,2025-05-28,2025-07-11,2025-08-18,,,,,BUILDPRO_EXPORT,In Progress,,False,scoring_set
H104981,Windermere,Edmonton,City of Edmonton,6,Birch,TH-102,Townhome,3.0,2,1,1370,2,1,No basement,Flat,2950.0,False,20200,M. Petrov,,2025-08-18,2025-09-16,2025-10-21,,,,,BUILDPRO_EXPORT,In Progress,,False,scoring_set
H105234,Mahogany Point,Calgary,Rocky View County,8,Elm,DX-201,Duplex,3.0,2,1,1520,2,2,Unfinished,Walkout,3550.0,False,73300,M. Petrov,2025-08-10,2025-08-08,2025-11-09,2025-12-31,,,,,BUILDPRO_EXPORT,In Progress,,False,scoring_set
H104861,Green Valley,Denver,City of Denver,258,Dogwood,TH-104,Townhome,2.0,2,1,1290,2,1,Unfinished,Flat,2100.0,False,25700,F. Kowalski,2025-07-29,2025-08-24,2025-09-13,2025-09-25,,,,,BUILDPRO_EXPORT,In Progress,,False,scoring_set
H105069,Auburn Meadows,Calgary,City of Calgary,415,Cedar,TH-103,Townhome,3.0,3,0,1430,2,1,No basement,Corner,2300.0,False,29300,A. Boucher,2025-09-16,2025-08-27,2025-09-24,2025-11-13,,,,,BUILDPRO_EXPORT,In Progress,,False,scoring_set
H105016,Keswick Landing,Edmonton,Leduc County,312,Elm,DX-201,Duplex,3.0,2,1,1450,2,2,Unfinished,Flat,4600.0,False,15300,E. Osei,2025-08-22,2025-08-26,2025-09-27,2025-10-30,,,,,BUILDPRO_EXPORT,In Progress,,False,scoring_set
H104716,Laurel Green,Edmonton,City of Edmonton,24,Aspen,TH-101,Townhome,2.0,2,0,1140,2,1,No basement,Flat,2750.0,False,24600,A. Boucher,2025-07-11,2025-05-26,2025-07-18,2025-08-16,,,,,BUILDPRO_EXPORT,In Progress,,False,scoring_set
H105162,Mahogany Point,Calgary,Rocky View County,204,Juniper,SF-304,Single Family,4.0,3,1,2370,2,2,Unfinished,Walkout,4750.0,False,13200,P. Sandoval,2025-09-09,2025-10-11,2025-10-29,2025-12-06,,,,,BUILDPRO_EXPORT,In Progress,,False,scoring_set
H104721,Windermere,Edmonton,City of Edmonton,320,Ironwood,SF-303,Single Family,,3,0,2110,2,2,Finished,Flat,4550.0,True,3300,T. Beaulieu,,2025-04-24,2025-06-21,2025-08-17,,,,,BUILDPRO_EXPORT,In Progress,,False,scoring_set
H105185,Auburn Meadows,Calgary,City of Calgary,278,Hawthorn,SF-301,Single Family,3.0,2,0,1750,1,2,Finished,Flat,4600.0,False,20200,T. Beaulieu,2025-07-29,2025-09-04,2025-10-14,2025-12-13,,,,,BUILDPRO_EXPORT,In Progress,,False,scoring_set
H104770,Glenridding,Edmonton,City of Edmonton,368,Larch,SF-307,Single Family,5.0,4,0,2790,2,3,Unfinished,Flat,4400.0,False,20100,G. Ramirez,2025-06-23,2025-07-18,2025-08-08,2025-09-02,,,,,BUILDPRO_EXPORT,In Progress,,False,scoring_set
H104853,Riverbend,Calgary,City of Calgary,346,Elm,DX-201,Duplex,3.0,2,1,1530,2,2,No basement,Flat,2950.0,False,33400,R. Ivanova,2025-05-24,2025-07-11,2025-09-10,2025-09-22,,,,,BUILDPRO_EXPORT,In Progress,,False,scoring_set
H104743,Cranston Ridge,Calgary,City of Calgary,381,Ginkgo,DX-203,Duplex,4.0,3,0,1660,2,2,Finished,Walkout,2800.0,False,23400,S. Ahmadi,,2025-07-05,2025-08-18,2025-08-25,,,,,BUILDPRO_EXPORT,In Progress,,False,scoring_set
H105001,Cranston Ridge,Calgary,City of Calgary,328,Birch,TH-102,Townhome,3.0,2,1,1330,2,1,No basement,Flat,2200.0,True,12500,D. Whitfield,,2025-08-03,2025-09-30,2025-10-27,,,,,BUILDPRO_EXPORT,In Progress,,False,scoring_set
H105151,Barefoot Lakes,Denver,Adams County,281,Maple,SF-308,Single Family,5.0,4,1,3130,2,3,Finished,Walkout,5500.0,False,46700,W. Halvorsen,2025-07-05,2025-09-19,2025-10-07,2025-12-02,,,,,BUILDPRO_EXPORT,In Progress,,False,scoring_set
H104996,Windermere,Edmonton,City of Edmonton,52,Poplar,SF-306,Single Family,4.0,4,0,2860,2,2,Finished,Corner,4450.0,False,23300,T. Beaulieu,2025-07-08,2025-08-18,2025-10-17,2025-10-26,,,,,BUILDPRO_EXPORT,In Progress,,False,scoring_set
H104952,Mahogany Point,Calgary,Rocky View County,74,Dogwood,TH-104,Townhome,2.0,2,1,1230,2,1,No basement,Flat,2800.0,True,10300,N. Ferreira,,2025-07-23,2025-10-06,2025-10-15,,,,,BUILDPRO_EXPORT,In Progress,,False,scoring_set
H105207,Windermere,Edmonton,City of Edmonton,409,Aspen,TH-101,Townhome,2.0,2,0,1080,2,1,No basement,Flat,2700.0,False,33700,G. Ramirez,2025-08-02,2025-11-09,2025-12-02,2025-12-20,,,,,BUILDPRO_EXPORT,In Progress,,False,scoring_set
H104899,Windermere,Edmonton,City of Edmonton,274,Poplar,SF-306,Single Family,4.0,4,0,2530,2,2,Unfinished,Corner,6450.0,False,17700,N. Ferreira,2025-05-07,2025-08-03,2025-08-12,2025-10-02,,,,,BUILDPRO_EXPORT,In Progress,,False,scoring_set
H105104,Wildgrass,Denver,Douglas County,129,Cedar,TH-103,Townhome,3.0,3,0,1390,2,1,Unfinished,Flat,1900.0,False,59000,M. Petrov,2025-10-29,2025-09-11,2025-10-06,2025-11-23,,,,,BUILDPRO_EXPORT,In Progress,,False,scoring_set
H104908,Green Valley,Denver,City of Denver,211,Ironwood,SF-303,Single Family,4.0,3,0,2110,2,2,Finished,Flat,5400.0,False,30000,H. Lindqvist,2025-06-01,2025-06-21,2025-08-08,2025-10-03,,,,,BUILDPRO_EXPORT,In Progress,,False,scoring_set
H104943,Wildgrass,Denver,Douglas County,30,Poplar,SF-306,Single Family,4.0,4,0,2640,2,2,Unfinished,Walkout,4100.0,False,46600,P. Sandoval,2025-08-07,2025-05-23,2025-08-21,2025-10-13,,,,,BUILDPRO_EXPORT,In Progress,,False,scoring_set
H104788,Auburn Meadows,Calgary,City of Calgary,261,Juniper,SF-304,Single Family,4.0,3,1,2320,2,2,Finished,Flat,4950.0,False,61800,V. Okonkwo,2025-06-12,2025-06-11,2025-08-01,2025-09-07,,,,,BUILDPRO_EXPORT,In Progress,,False,scoring_set
H105174,Windermere,Edmonton,City of Edmonton,167,Aspen,TH-101,Townhome,2.0,2,0,1200,2,1,No basement,Flat,2750.0,False,38600,K. Thibodeau,2025-09-01,2025-09-17,2025-11-02,2025-12-09,,,,,BUILDPRO_EXPORT,In Progress,,False,scoring_set
H105095,Laurel Green,Edmonton,City of Edmonton,203,Oakmont,SF-302,Single Family,3.0,3,0,2310,1,3,Finished,Walkout,6850.0,False,34000,P. Sandoval,2025-07-23,2025-10-02,2025-10-09,2025-11-21,,,,,BUILDPRO_EXPORT,In Progress,,False,scoring_set
H104877,Keswick Landing,Edmonton,Leduc County,192,Birch,TH-102,Townhome,3.0,2,1,1300,2,1,No basement,Corner,2650.0,False,28000,W. Halvorsen,2025-09-02,2025-08-27,2025-09-23,2025-09-28,,,,,BUILDPRO_EXPORT,In Progress,,False,scoring_set
H104755,Cranston Ridge,Calgary,City of Calgary,116,Ginkgo,DX-203,Duplex,4.0,3,0,1740,2,2,No basement,Flat,3850.0,False,20800,H. Lindqvist,2025-04-12,2025-05-06,2025-08-05,2025-08-29,,,,,BUILDPRO_EXPORT,In Progress,,False,scoring_set
H105164,Windermere,Edmonton,City of Edmonton,28,Katsura,SF-305,Single Family,4.0,4,0,2580,2,3,Finished,Corner,5600.0,False,27200,R. Ivanova,2025-07-15,2025-10-19,2025-11-28,2025-12-07,,,,,BUILDPRO_EXPORT,In Progress,,False,scoring_set
H105202,Auburn Meadows,Calgary,City of Calgary,292,Aspen,TH-101,Townhome,2.0,2,0,1190,2,1,No basement,Flat,,True,9000,A. Boucher,,2025-10-11,2025-11-14,2025-12-18,,,,,BUILDPRO_EXPORT,In Progress,,False,scoring_set
H105206,Cranston Ridge,Calgary,City of Calgary,203,Juniper,SF-304,Single Family,4.0,3,1,2270,2,2,Unfinished,Corner,7000.0,False,14500,K. Thibodeau,2025-08-10,2025-10-30,2025-11-21,2025-12-20,,,,,BUILDPRO_EXPORT,In Progress,,False,scoring_set
H104836,Green Valley,Denver,City of Denver,232,Ginkgo,DX-203,Duplex,4.0,3,0,1790,2,2,Unfinished,Flat,4100.0,False,32600,V. Okonkwo,2025-06-30,2025-07-07,2025-08-23,2025-09-19,,,,,BUILDPRO_EXPORT,In Progress,,False,scoring_set
H105225,Glenridding,Edmonton,City of Edmonton,224,Aspen,TH-101,Townhome,2.0,2,0,1290,2,1,No basement,Flat,2350.0,True,8500,J. Abadi,,2025-11-25,2025-12-23,2025-12-28,,,,,BUILDPRO_EXPORT,In Progress,,False,scoring_set
H105201,Glenridding,Edmonton,City of Edmonton,134,Birch,TH-102,Townhome,3.0,2,1,1250,2,1,No basement,Flat,2200.0,False,31400,H. Lindqvist,2025-09-18,2025-09-27,2025-11-13,2025-12-18,,,,,BUILDPRO_EXPORT,In Progress,,False,scoring_set
H104762,Wildgrass,Denver,Douglas County,43,Birch,TH-102,Townhome,3.0,2,1,1400,2,1,No basement,Flat,1500.0,False,49700,F. Kowalski,2025-06-26,2025-05-24,2025-07-24,2025-08-30,,,,,BUILDPRO_EXPORT,In Progress,,False,scoring_set
H104740,Legacy Gate,Calgary,Rocky View County,51,Larch,SF-307,Single Family,5.0,4,0,2740,2,3,Finished,Flat,4750.0,False,17000,N. Ferreira,2025-05-27,2025-07-11,2025-08-06,2025-08-24,,,,,BUILDPRO_EXPORT,In Progress,,False,scoring_set
H104977,Windermere,Edmonton,City of Edmonton,62,Maple,SF-308,Single Family,5.0,4,1,3220,2,3,Finished,Walkout,7000.0,True,11000,S. Ahmadi,,2025-08-14,2025-10-05,2025-10-20,,,,,BUILDPRO_EXPORT,In Progress,,False,scoring_set
H105030,Barefoot Lakes,Denver,Adams County,295,Aspen,TH-101,Townhome,2.0,2,0,1110,2,1,Unfinished,Flat,2400.0,True,1200,V. Okonkwo,,2025-08-01,2025-09-12,2025-11-03,,,,,BUILDPRO_EXPORT,In Progress,,False,scoring_set
H104886,Glenridding,Edmonton,City of Edmonton,284,Nyssa,SF-309,Single Family,5.0,5,0,3320,2,3,Unfinished,Walkout,5350.0,True,16300,J. Abadi,,2025-07-26,2025-09-15,2025-09-29,,,,,BUILDPRO_EXPORT,In Progress,,False,scoring_set
H105040,Sterling Ranch,Denver,Douglas County,388,Fir,DX-202,Duplex,3.0,3,0,1780,2,2,Unfinished,Flat,4000.0,True,10100,H. Lindqvist,,2025-08-22,2025-10-23,2025-11-05,,,,,BUILDPRO_EXPORT,In Progress,,False,scoring_set
H104922,Mahogany Point,Calgary,Rocky View County,182,Juniper,SF-304,Single Family,,3,1,2300,2,2,Finished,Flat,7150.0,False,41500,V. Okonkwo,2025-06-27,2025-03-29,2025-08-08,2025-10-07,,,,,BUILDPRO_EXPORT,In Progress,,False,scoring_set
H105117,Glenridding,Edmonton,City of Edmonton,251,Ginkgo,DX-203,Duplex,4.0,3,0,1630,2,2,Finished,Corner,3250.0,False,32900,N. Ferreira,2025-07-05,2025-10-10,2025-10-17,2025-11-26,,,,,BUILDPRO_EXPORT,In Progress,,False,scoring_set
H104912,Mahogany Point,Calgary,Rocky View County,327,Fir,DX-202,Duplex,3.0,3,0,1770,2,2,No basement,Corner,3400.0,False,28100,N. Ferreira,2025-08-14,2025-04-19,2025-08-07,2025-10-04,,,,,BUILDPRO_EXPORT,In Progress,,False,scoring_set
H104830,Mahogany Point,Calgary,Rocky View County,236,Elm,DX-201,Duplex,3.0,2,1,1510,2,2,Unfinished,Flat,4000.0,False,44200,L. Mwangi,2025-04-18,2025-07-18,2025-07-30,2025-09-18,,,,,BUILDPRO_EXPORT,In Progress,,False,scoring_set
H104896,Barefoot Lakes,Denver,Adams County,332,Birch,TH-102,Townhome,3.0,2,1,1390,2,1,Unfinished,Corner,3000.0,True,6100,D. Whitfield,,2025-08-29,2025-09-05,2025-10-02,,,,,BUILDPRO_EXPORT,In Progress,,False,scoring_set
H105010,Mahogany Point,Calgary,Rocky View County,42,Hawthorn,SF-301,Single Family,3.0,2,0,1960,1,2,Finished,Flat,4700.0,False,15200,F. Kowalski,,2025-08-06,2025-10-04,2025-10-29,,,,,BUILDPRO_EXPORT,In Progress,,False,scoring_set
H104798,Auburn Meadows,Calgary,City of Calgary,367,Nyssa,SF-309,Single Family,5.0,5,0,3370,2,3,No basement,Corner,5400.0,False,66400,V. Okonkwo,,2025-06-09,2025-07-21,2025-09-10,,,,,BUILDPRO_EXPORT,In Progress,,False,scoring_set
H104926,Mahogany Point,Calgary,Rocky View County,305,Katsura,SF-305,Single Family,4.0,4,0,2640,2,3,Unfinished,Flat,4700.0,False,41500,W. Halvorsen,2025-05-12,2025-08-02,2025-10-02,2025-10-08,,,,,BUILDPRO_EXPORT,In Progress,,False,scoring_set
H105183,Sterling Ranch,Denver,Douglas County,307,Ironwood,SF-303,Single Family,4.0,3,0,2080,2,2,Unfinished,Flat,5700.0,False,47300,T. Beaulieu,2025-09-06,2025-09-13,2025-10-31,2025-12-13,,,,,BUILDPRO_EXPORT,In Progress,,False,scoring_set
H105096,Legacy Gate,Calgary,Rocky View County,411,Dogwood,TH-104,Townhome,2.0,2,1,1260,2,1,No basement,Flat,2500.0,True,16400,J. Abadi,,2025-08-12,2025-10-21,2025-11-21,,,,,BUILDPRO_EXPORT,In Progress,,False,scoring_set
H104871,Barefoot Lakes,Denver,Adams County,379,Dogwood,TH-104,Townhome,2.0,2,1,1380,2,1,Unfinished,Flat,2450.0,False,31200,L. Mwangi,2025-05-27,2025-09-08,2025-09-21,2025-09-26,,,,,BUILDPRO_EXPORT,In Progress,,False,scoring_set
H105136,Mahogany Point,Calgary,Rocky View County,328,Nyssa,SF-309,Single Family,5.0,5,0,3590,2,3,Finished,Flat,4950.0,False,50500,T. Beaulieu,2025-09-05,2025-07-29,2025-10-14,2025-12-01,,,,,BUILDPRO_EXPORT,In Progress,,False,scoring_set
H105012,Windermere,Edmonton,City of Edmonton,194,Juniper,SF-304,Single Family,4.0,3,1,2360,2,2,Unfinished,Corner,6050.0,False,37400,H. Lindqvist,2025-07-31,2025-09-20,2025-10-18,2025-10-30,,,,,BUILDPRO_EXPORT,In Progress,,False,scoring_set
H104674,Sterling Ranch,Denver,Douglas County,164,Aspen,TH-101,Townhome,2.0,2,0,1240,2,1,No basement,Flat,2550.0,False,12000,H. Lindqvist,2025-03-06,2025-04-13,2025-07-14,2025-08-06,,,,,BUILDPRO_EXPORT,In Progress,,False,scoring_set
H104822,Wildgrass,Denver,Douglas County,29,Aspen,TH-101,Townhome,2.0,2,0,1110,2,1,No basement,Flat,2150.0,False,17300,A. Boucher,2025-05-28,2025-06-15,2025-08-21,2025-09-16,,,,,BUILDPRO_EXPORT,In Progress,,False,scoring_set
H105192,Glenridding,Edmonton,City of Edmonton,263,Elm,DX-201,Duplex,3.0,2,1,1430,2,2,No basement,Corner,2900.0,False,72800,D. Whitfield,2025-08-28,2025-10-14,2025-11-20,2025-12-16,,,,,BUILDPRO_EXPORT,In Progress,,False,scoring_set
H105026,Laurel Green,Edmonton,City of Edmonton,278,Aspen,TH-101,Townhome,2.0,2,0,1200,2,1,No basement,Flat,2700.0,False,26900,D. Whitfield,,2025-09-07,2025-10-26,2025-11-02,,,,,BUILDPRO_EXPORT,In Progress,,False,scoring_set
H104696,Wildgrass,Denver,Douglas County,373,Aspen,TH-101,Townhome,2.0,2,0,1050,2,1,No basement,Flat,2400.0,True,2500,C. Nakamura,,2025-03-04,2025-07-09,2025-08-12,,,,,BUILDPRO_EXPORT,In Progress,,False,scoring_set
H105123,Legacy Gate,Calgary,Rocky View County,346,Ironwood,SF-303,Single Family,4.0,3,0,2150,2,2,Finished,Corner,3700.0,False,62600,V. Okonkwo,2025-09-08,2025-09-06,2025-10-21,2025-11-27,,,,,BUILDPRO_EXPORT,In Progress,,False,scoring_set
H104865,Glenridding,Edmonton,City of Edmonton,1,Dogwood,TH-104,Townhome,2.0,2,1,1270,2,1,No basement,Flat,2150.0,False,10800,P. Sandoval,2025-07-14,2025-08-14,2025-08-21,2025-09-25,,,,,BUILDPRO_EXPORT,In Progress,,False,scoring_set
H105169,Legacy Gate,Calgary,Rocky View County,141,Cedar,TH-103,Townhome,3.0,3,0,1310,2,1,No basement,Flat,2000.0,True,14300,S. Ahmadi,,2025-10-08,2025-11-05,2025-12-08,,,,,BUILDPRO_EXPORT,In Progress,,False,scoring_set
H104732,Cranston Ridge,Calgary,City of Calgary,1,Birch,TH-102,Townhome,3.0,2,1,1270,2,1,No basement,Corner,2350.0,False,52900,M. Petrov,2025-07-02,2025-05-16,2025-08-09,2025-08-21,,,,,BUILDPRO_EXPORT,In Progress,,False,scoring_set
H105113,Laurel Green,Edmonton,City of Edmonton,243,Cedar,TH-103,Townhome,3.0,3,0,1330,2,1,No basement,Flat,2350.0,False,35800,J. Abadi,2025-10-20,2025-09-22,2025-11-04,2025-11-25,,,,,BUILDPRO_EXPORT,In Progress,,False,scoring_set
H104763,Legacy Gate,Calgary,Rocky View County,325,Dogwood,TH-104,Townhome,2.0,2,1,1260,2,1,Unfinished,Flat,2200.0,True,6300,C. Nakamura,,2025-07-04,2025-07-19,2025-08-30,,,,,BUILDPRO_EXPORT,In Progress,,False,scoring_set
H104960,Windermere,Edmonton,City of Edmonton,345,Birch,TH-102,Townhome,3.0,2,1,1290,2,1,No basement,Flat,2600.0,False,19600,A. Boucher,2025-06-21,2025-07-17,2025-08-19,2025-10-16,,,,,BUILDPRO_EXPORT,In Progress,,False,scoring_set
H104675,Laurel Green,Edmonton,City of Edmonton,269,Birch,TH-102,Townhome,3.0,2,1,1270,2,1,No basement,Flat,2600.0,False,8200,D. Whitfield,2025-06-26,2025-06-08,2025-07-16,2025-08-06,,,,,BUILDPRO_EXPORT,In Progress,,False,scoring_set
H104750,Green Valley,Denver,City of Denver,122,Poplar,SF-306,Single Family,4.0,4,0,2680,2,2,Finished,Flat,4900.0,False,38300,S. Ahmadi,2025-06-11,2025-05-15,2025-08-18,2025-08-27,,,,,BUILDPRO_EXPORT,In Progress,,False,scoring_set
H104747,Cranston Ridge,Calgary,City of Calgary,205,Elm,DX-201,Duplex,3.0,2,1,1650,2,2,Finished,Flat,4750.0,False,13300,E. Osei,2025-05-14,2025-06-03,2025-07-07,2025-08-26,,,,,BUILDPRO_EXPORT,In Progress,,False,scoring_set
H104864,Windermere,Edmonton,City of Edmonton,83,Birch,TH-102,Townhome,3.0,2,1,1250,2,1,No basement,Flat,2750.0,True,8100,H. Lindqvist,,2025-06-14,2025-07-29,2025-09-25,,,,,BUILDPRO_EXPORT,In Progress,,False,scoring_set
H104761,Windermere,Edmonton,City of Edmonton,59,Dogwood,TH-104,Townhome,2.0,2,1,1270,2,1,Unfinished,Flat,2300.0,False,11800,L. Mwangi,2025-08-03,2025-05-23,2025-07-02,2025-08-30,,,,,BUILDPRO_EXPORT,In Progress,,False,scoring_set
H104897,Auburn Meadows,Calgary,City of Calgary,327,Ginkgo,DX-203,Duplex,4.0,3,0,1650,2,2,Unfinished,Walkout,2950.0,True,10300,C. Nakamura,,2025-07-09,2025-08-07,2025-10-02,,,,,BUILDPRO_EXPORT,In Progress,,False,scoring_set
H104989,Riverbend,Calgary,City of Calgary,3,Larch,SF-307,Single Family,5.0,4,0,2840,2,3,Finished,Walkout,9050.0,False,34800,M. Petrov,2025-09-07,2025-08-22,2025-10-19,2025-10-24,,,,,BUILDPRO_EXPORT,In Progress,,False,scoring_set
H104905,Glenridding,Edmonton,City of Edmonton,102,Cedar,TH-103,Townhome,3.0,3,0,1370,2,1,No basement,Flat,2050.0,False,24200,K. Thibodeau,2025-05-19,2025-05-07,2025-08-23,2025-10-03,,,,,BUILDPRO_EXPORT,In Progress,,False,scoring_set
H104816,Glenridding,Edmonton,City of Edmonton,326,Aspen,TH-101,Townhome,2.0,2,0,1130,2,1,No basement,Flat,2150.0,False,31400,P. Sandoval,2025-08-08,2025-06-16,2025-07-18,2025-09-15,,,,,BUILDPRO_EXPORT,In Progress,,False,scoring_set
H104792,Glenridding,Edmonton,City of Edmonton,353,Hawthorn,SF-301,Single Family,3.0,2,0,1680,1,2,No basement,Walkout,4600.0,True,2500,C. Nakamura,,2025-06-23,2025-07-22,2025-09-08,,,,,BUILDPRO_EXPORT,In Progress,,False,scoring_set
H105188,Mahogany Point,Calgary,Rocky View County,154,Katsura,SF-305,Single Family,4.0,4,0,2370,2,3,Unfinished,Flat,7150.0,True,7000,J. Abadi,,2025-10-08,2025-11-24,2025-12-14,,,,,BUILDPRO_EXPORT,In Progress,,False,scoring_set
H105198,Wildgrass,Denver,Douglas County,213,Fir,DX-202,Duplex,3.0,3,0,1700,2,2,No basement,Walkout,3550.0,True,6800,H. Lindqvist,,2025-10-03,2025-10-19,2025-12-17,,,,,BUILDPRO_EXPORT,In Progress,,False,scoring_set
H104677,Green Valley,Denver,City of Denver,311,Juniper,SF-304,Single Family,4.0,3,1,2270,2,2,Finished,Flat,6600.0,False,19800,R. Ivanova,2025-07-07,2025-05-15,2025-07-29,2025-08-07,,,,,BUILDPRO_EXPORT,In Progress,,False,scoring_set
H105085,Wildgrass,Denver,Douglas County,229,Katsura,SF-305,Single Family,4.0,4,0,2660,2,3,Unfinished,Flat,6550.0,False,31900,G. Ramirez,,2025-06-11,2025-10-19,2025-11-19,,,,,BUILDPRO_EXPORT,In Progress,,False,scoring_set
H105100,Windermere,Edmonton,City of Edmonton,240,Ironwood,SF-303,Single Family,4.0,3,0,2050,2,2,Finished,Corner,5050.0,False,9200,H. Lindqvist,2025-07-17,2025-09-03,2025-09-30,2025-11-22,,,,,BUILDPRO_EXPORT,In Progress,,False,scoring_set
H105006,Windermere,Edmonton,City of Edmonton,305,Hawthorn,SF-301,Single Family,3.0,2,0,1820,1,2,Unfinished,Flat,5400.0,False,11700,F. Kowalski,2025-07-23,2025-08-31,2025-09-25,2025-10-28,,,,,BUILDPRO_EXPORT,In Progress,,False,scoring_set
H104933,Laurel Green,Edmonton,City of Edmonton,380,Cedar,TH-103,Townhome,3.0,3,0,1450,2,1,No basement,Flat,1850.0,True,9500,C. Nakamura,,2025-08-01,2025-08-15,2025-10-10,,,,,BUILDPRO_EXPORT,In Progress,,False,scoring_set
H105179,Laurel Green,Edmonton,City of Edmonton,272,Oakmont,SF-302,Single Family,3.0,3,0,2340,1,3,Unfinished,Flat,5050.0,False,48100,D. Whitfield,2025-08-23,2025-09-16,2025-11-05,2025-12-11,,,,,BUILDPRO_EXPORT,In Progress,,False,scoring_set
H105163,Auburn Meadows,Calgary,City of Calgary,270,Maple,SF-308,Single Family,5.0,4,1,3200,2,3,No basement,Flat,4050.0,False,45000,E. Osei,2025-10-10,2025-09-29,2025-10-14,2025-12-07,,,,,BUILDPRO_EXPORT,In Progress,,False,scoring_set
H104970,Barefoot Lakes,Denver,Adams County,169,Hawthorn,SF-301,Single Family,3.0,2,0,1830,1,2,Unfinished,Flat,2850.0,False,23100,L. Mwangi,2025-05-26,2025-07-22,2025-08-25,2025-10-19,,,,,BUILDPRO_EXPORT,In Progress,,False,scoring_set
H105075,Sterling Ranch,Denver,Douglas County,120,Dogwood,TH-104,Townhome,,2,1,1260,2,1,No basement,Flat,2600.0,False,31300,D. Whitfield,2025-09-28,2025-08-21,2025-11-08,2025-11-16,,,,,BUILDPRO_EXPORT,In Progress,,False,scoring_set
H105099,Aurora Highlands,Denver,Adams County,200,Ginkgo,DX-203,Duplex,4.0,3,0,1740,2,2,Unfinished,Flat,2500.0,True,10700,H. Lindqvist,,2025-08-21,2025-10-23,2025-11-22,,,,,BUILDPRO_EXPORT,In Progress,,False,scoring_set
H104927,Laurel Green,Edmonton,City of Edmonton,330,Nyssa,SF-309,Single Family,5.0,5,0,3450,2,3,Unfinished,Flat,4900.0,True,3800,L. Mwangi,,2025-07-19,2025-09-07,2025-10-08,,,,,BUILDPRO_EXPORT,In Progress,,False,scoring_set
H104693,Sterling Ranch,Denver,Douglas County,95,Hawthorn,SF-301,Single Family,3.0,2,0,1910,1,2,Unfinished,Flat,,False,21900,H. Lindqvist,2025-05-17,2025-05-11,2025-07-02,2025-08-12,,,,,BUILDPRO_EXPORT,In Progress,,False,scoring_set
H104840,Laurel Green,Edmonton,City of Edmonton,251,Ironwood,SF-303,Single Family,4.0,3,0,2060,2,2,Finished,Flat,6250.0,False,25700,K. Thibodeau,2025-05-05,2025-07-24,2025-09-08,2025-09-21,,,,,BUILDPRO_EXPORT,In Progress,,False,scoring_set
H104843,Barefoot Lakes,Denver,Adams County,344,Dogwood,TH-104,Townhome,2.0,2,1,1250,2,1,No basement,Corner,2500.0,False,46400,S. Ahmadi,2025-05-16,2025-06-07,2025-08-02,2025-09-21,,,,,BUILDPRO_EXPORT,In Progress,,False,scoring_set
H104866,Auburn Meadows,Calgary,City of Calgary,418,Maple,SF-308,Single Family,5.0,4,1,2950,2,3,Unfinished,Flat,3650.0,False,37900,P. Sandoval,2025-06-14,2025-06-15,2025-08-13,2025-09-25,,,,,BUILDPRO_EXPORT,In Progress,,False,scoring_set
H104753,Keswick Landing,Edmonton,Leduc County,313,Cedar,TH-103,Townhome,3.0,3,0,1310,2,1,Unfinished,Flat,2450.0,False,36200,G. Ramirez,,2025-06-10,2025-07-31,2025-08-28,,,,,BUILDPRO_EXPORT,In Progress,,False,scoring_set
H105129,Sterling Ranch,Denver,Douglas County,87,Poplar,SF-306,Single Family,4.0,4,0,2840,2,2,Finished,Flat,6350.0,False,13700,V. Okonkwo,2025-11-02,2025-06-30,2025-10-31,2025-11-28,,,,,BUILDPRO_EXPORT,In Progress,,False,scoring_set
H105034,Glenridding,Edmonton,City of Edmonton,101,Fir,DX-202,Duplex,3.0,3,0,1720,2,2,Unfinished,Flat,4650.0,False,30900,F. Kowalski,,2025-07-22,2025-09-20,2025-11-04,,,,,BUILDPRO_EXPORT,In Progress,,False,scoring_set
H104781,Laurel Green,Edmonton,City of Edmonton,130,Ginkgo,DX-203,Duplex,4.0,3,0,1760,2,2,Unfinished,Flat,2600.0,False,19500,L. Mwangi,2025-08-05,2025-06-20,2025-07-25,2025-09-06,,,,,BUILDPRO_EXPORT,In Progress,,False,scoring_set
H105083,Cranston Ridge,Calgary,City of Calgary,186,Poplar,SF-306,Single Family,4.0,4,0,2690,2,2,Unfinished,Walkout,5000.0,False,34200,C. Nakamura,2025-09-21,2025-09-11,2025-11-10,2025-11-18,,,,,BUILDPRO_EXPORT,In Progress,,False,scoring_set
H104737,Wildgrass,Denver,Douglas County,269,Poplar,SF-306,Single Family,4.0,4,0,2770,2,2,Unfinished,Walkout,5700.0,False,88600,M. Petrov,2025-05-10,2025-05-26,2025-07-23,2025-08-23,,,,,BUILDPRO_EXPORT,In Progress,,False,scoring_set
H104720,Laurel Green,Edmonton,City of Edmonton,401,Hawthorn,SF-301,Single Family,3.0,2,0,1900,1,2,Unfinished,Flat,6450.0,False,45100,S. Ahmadi,2025-06-11,2025-06-11,2025-06-20,2025-08-17,,,,,BUILDPRO_EXPORT,In Progress,,False,scoring_set
H104910,Green Valley,Denver,City of Denver,312,Dogwood,TH-104,Townhome,2.0,2,1,1220,2,1,No basement,Flat,2250.0,True,16200,N. Ferreira,,2025-08-04,2025-09-08,2025-10-03,,,,,BUILDPRO_EXPORT,In Progress,,False,scoring_set
H104784,Wildgrass,Denver,Douglas County,352,Poplar,SF-306,Single Family,4.0,4,0,2670,2,2,Unfinished,Corner,4400.0,False,46600,N. Ferreira,2025-06-16,2025-05-25,2025-08-15,2025-09-07,,,,,BUILDPRO_EXPORT,In Progress,,False,scoring_set
H105054,Barefoot Lakes,Denver,Adams County,51,Oakmont,SF-302,Single Family,3.0,3,0,2190,1,3,No basement,Flat,5950.0,False,44000,S. Ahmadi,2025-09-23,2025-08-05,2025-09-23,2025-11-09,,,,,BUILDPRO_EXPORT,In Progress,,False,scoring_set
H105051,Sterling Ranch,Denver,Douglas County,263,Fir,DX-202,Duplex,3.0,3,0,1710,2,2,No basement,Flat,3900.0,False,30900,P. Sandoval,2025-08-14,2025-07-09,2025-09-13,2025-11-09,,,,,BUILDPRO_EXPORT,In Progress,,False,scoring_set
H105223,Barefoot Lakes,Denver,Adams County,157,Aspen,TH-101,Townhome,2.0,2,0,1080,2,1,Unfinished,Flat,2350.0,False,47700,E. Osei,2025-09-05,2025-10-04,2025-11-09,2025-12-27,,,,,BUILDPRO_EXPORT,In Progress,,False,scoring_set
H105182,Wildgrass,Denver,Douglas County,416,Dogwood,TH-104,Townhome,2.0,2,1,1160,2,1,No basement,Flat,2450.0,True,11900,F. Kowalski,,2025-08-17,2025-10-18,2025-12-13,,,,,BUILDPRO_EXPORT,In Progress,,False,scoring_set
H105028,Cranston Ridge,Calgary,City of Calgary,392,Ironwood,SF-303,Single Family,4.0,3,0,2020,2,2,Unfinished,Flat,3600.0,False,21200,V. Okonkwo,2025-10-03,2025-08-13,2025-10-09,2025-11-02,,,,,BUILDPRO_EXPORT,In Progress,,False,scoring_set
H104726,Auburn Meadows,Calgary,City of Calgary,104,Elm,DX-201,Duplex,3.0,2,1,1570,2,2,No basement,Flat,3350.0,False,57800,C. Nakamura,2025-07-09,2025-07-09,2025-07-31,2025-08-18,,,,,BUILDPRO_EXPORT,In Progress,,False,scoring_set
H104683,Sterling Ranch,Denver,Douglas County,100,Aspen,TH-101,Townhome,2.0,2,0,1260,2,1,No basement,Flat,1550.0,True,11600,C. Nakamura,,2025-06-14,2025-07-03,2025-08-08,,,,,BUILDPRO_EXPORT,In Progress,,False,scoring_set
H105067,Laurel Green,Edmonton,City of Edmonton,241,Birch,TH-102,Townhome,3.0,2,1,1310,2,1,No basement,Flat,2100.0,False,26900,D. Whitfield,2025-08-22,2025-08-09,2025-10-20,2025-11-13,,,,,BUILDPRO_EXPORT,In Progress,,False,scoring_set
H105105,Auburn Meadows,Calgary,City of Calgary,410,Ginkgo,DX-203,Duplex,4.0,3,0,1710,2,2,Unfinished,Flat,3100.0,True,9300,J. Abadi,,2025-08-15,2025-10-02,2025-11-23,,,,,BUILDPRO_EXPORT,In Progress,,False,scoring_set
H105232,Legacy Gate,Calgary,Rocky View County,303,Juniper,SF-304,Single Family,4.0,3,1,2350,2,2,Finished,Flat,8050.0,False,53400,J. Abadi,2025-11-24,2025-10-19,2025-11-19,2025-12-31,,,,,BUILDPRO_EXPORT,In Progress,,False,scoring_set
H104785,Barefoot Lakes,Denver,Adams County,170,Fir,DX-202,Duplex,3.0,3,0,1720,2,2,Unfinished,Flat,3250.0,False,74700,G. Ramirez,2025-07-18,2025-06-21,2025-08-09,2025-09-07,,,,,BUILDPRO_EXPORT,In Progress,,False,scoring_set
H105173,Auburn Meadows,Calgary,City of Calgary,140,Ginkgo,DX-203,Duplex,4.0,3,0,1910,2,2,Unfinished,Flat,2850.0,True,9700,K. Thibodeau,,2025-11-04,2025-11-22,2025-12-09,,,,,BUILDPRO_EXPORT,In Progress,,False,scoring_set
H104993,Windermere,Edmonton,City of Edmonton,71,Juniper,SF-304,Single Family,,3,1,2240,2,2,Finished,Walkout,,False,11900,K. Thibodeau,2025-06-13,2025-08-18,2025-08-29,2025-10-26,,,,,BUILDPRO_EXPORT,In Progress,,False,scoring_set
H105017,Green Valley,Denver,City of Denver,274,Birch,TH-102,Townhome,3.0,2,1,1340,2,1,No basement,Flat,1700.0,False,16400,D. Whitfield,2025-06-06,2025-08-19,2025-09-12,2025-10-31,,,,,BUILDPRO_EXPORT,In Progress,,False,scoring_set
H104837,Sterling Ranch,Denver,Douglas County,161,Hawthorn,SF-301,Single Family,3.0,2,0,1790,1,2,Unfinished,Flat,5300.0,False,55400,P. Sandoval,2025-07-29,2025-07-19,2025-09-03,2025-09-19,,,,,BUILDPRO_EXPORT,In Progress,,False,scoring_set
H105038,Riverbend,Calgary,City of Calgary,275,Elm,DX-201,Duplex,3.0,2,1,1540,2,2,Finished,Walkout,3800.0,False,11300,J. Abadi,2025-08-23,2025-08-12,2025-10-03,2025-11-05,,,,,BUILDPRO_EXPORT,In Progress,,False,scoring_set
H105190,Auburn Meadows,Calgary,City of Calgary,146,Dogwood,TH-104,Townhome,2.0,2,1,1260,2,1,Unfinished,Flat,2350.0,True,15700,J. Abadi,,2025-09-02,2025-10-27,2025-12-15,,,,,BUILDPRO_EXPORT,In Progress,,False,scoring_set
H105154,Keswick Landing,Edmonton,Leduc County,145,Ironwood,SF-303,Single Family,4.0,3,0,2130,2,2,Unfinished,Corner,5350.0,False,16600,M. Petrov,,2025-09-26,2025-11-18,2025-12-04,,,,,BUILDPRO_EXPORT,In Progress,,False,scoring_set
H104882,Cranston Ridge,Calgary,City of Calgary,340,Ginkgo,DX-203,Duplex,4.0,3,0,1740,2,2,Finished,Flat,3200.0,False,16100,S. Ahmadi,2025-07-12,2025-07-07,2025-08-24,2025-09-29,,,,,BUILDPRO_EXPORT,In Progress,,False,scoring_set
H105193,Riverbend,Calgary,City of Calgary,11,Cedar,TH-103,Townhome,3.0,3,0,1370,2,1,No basement,Flat,2900.0,False,18700,K. Thibodeau,,2025-10-29,2025-11-19,2025-12-16,,,,,BUILDPRO_EXPORT,In Progress,,False,scoring_set
H105108,Legacy Gate,Calgary,Rocky View County,259,Maple,SF-308,Single Family,5.0,4,1,2980,2,3,Finished,Flat,6200.0,False,49300,V. Okonkwo,2025-07-12,2025-06-01,2025-09-29,2025-11-23,,,,,BUILDPRO_EXPORT,In Progress,,False,scoring_set
H104752,Barefoot Lakes,Denver,Adams County,97,Cedar,TH-103,Townhome,3.0,3,0,1370,2,1,Unfinished,Corner,2550.0,True,4900,E. Osei,,2025-07-13,2025-08-06,2025-08-27,,,,,BUILDPRO_EXPORT,In Progress,,False,scoring_set
H104728,Windermere,Edmonton,City of Edmonton,399,Dogwood,TH-104,Townhome,2.0,2,1,1250,2,1,No basement,Flat,2500.0,False,28300,K. Thibodeau,2025-05-15,2025-07-23,2025-08-10,2025-08-19,,,,,BUILDPRO_EXPORT,In Progress,,False,scoring_set
H104695,Aurora Highlands,Denver,Adams County,377,Katsura,SF-305,Single Family,4.0,4,0,2750,2,3,Finished,Flat,8300.0,False,25700,P. Sandoval,2025-07-18,2025-05-10,2025-07-18,2025-08-12,,,,,BUILDPRO_EXPORT,In Progress,,False,scoring_set
H104955,Cranston Ridge,Calgary,City of Calgary,59,Hawthorn,SF-301,Single Family,3.0,2,0,1780,1,2,Finished,Flat,6350.0,False,22300,V. Okonkwo,2025-07-02,2025-07-14,2025-08-22,2025-10-15,,,,,BUILDPRO_EXPORT,In Progress,,False,scoring_set
H104819,Auburn Meadows,Calgary,City of Calgary,352,Fir,DX-202,Duplex,3.0,3,0,1670,2,2,Finished,Walkout,4000.0,False,27100,D. Whitfield,,2025-08-19,2025-09-10,2025-09-15,,,,,BUILDPRO_EXPORT,In Progress,,False,scoring_set
H104670,Windermere,Edmonton,City of Edmonton,54,Birch,TH-102,Townhome,3.0,2,1,1330,2,1,No basement,Corner,2450.0,True,2700,J. Abadi,,2025-06-25,2025-07-22,2025-08-06,,,,,BUILDPRO_EXPORT,In Progress,,False,scoring_set
H104803,Riverbend,Calgary,City of Calgary,166,Ironwood,SF-303,Single Family,4.0,3,0,2020,2,2,Unfinished,Flat,5750.0,False,28200,L. Mwangi,2025-07-27,2025-05-20,2025-07-29,2025-09-11,,,,,BUILDPRO_EXPORT,In Progress,,False,scoring_set
H105110,Auburn Meadows,Calgary,City of Calgary,106,Poplar,SF-306,Single Family,4.0,4,0,3000,2,2,Finished,Flat,5050.0,False,36500,P. Sandoval,2025-10-20,2025-09-14,2025-11-12,2025-11-24,,,,,BUILDPRO_EXPORT,In Progress,,False,scoring_set
H104786,Mahogany Point,Calgary,Rocky View County,127,Dogwood,TH-104,Townhome,2.0,2,1,1140,2,1,No basement,Flat,2550.0,True,2800,E. Osei,,2025-06-30,2025-08-06,2025-09-07,,,,,BUILDPRO_EXPORT,In Progress,,False,scoring_set
H105021,Cranston Ridge,Calgary,City of Calgary,74,Birch,TH-102,Townhome,3.0,2,1,1350,2,1,No basement,Flat,2000.0,False,85900,L. Mwangi,2025-07-26,2025-09-21,2025-10-18,2025-10-31,,,,,BUILDPRO_EXPORT,In Progress,,False,scoring_set
H104961,Windermere,Edmonton,City of Edmonton,31,Ironwood,SF-303,Single Family,4.0,3,0,2110,2,2,Unfinished,Walkout,5300.0,True,3000,R. Ivanova,,2025-07-15,2025-09-15,2025-10-16,,,,,BUILDPRO_EXPORT,In Progress,,False,scoring_set
H104668,Aurora Highlands,Denver,Adams County,230,Birch,TH-102,Townhome,3.0,2,1,1310,2,1,No basement,Flat,2600.0,False,19500,M. Petrov,2025-05-16,2025-05-15,2025-06-07,2025-08-04,,,,,BUILDPRO_EXPORT,In Progress,,False,scoring_set
H105134,Windermere,Edmonton,City of Edmonton,50,Birch,TH-102,Townhome,3.0,2,1,1370,2,1,No basement,Flat,2650.0,False,30900,D. Whitfield,2025-10-13,2025-09-21,2025-10-22,2025-11-30,,,,,BUILDPRO_EXPORT,In Progress,,False,scoring_set
H104835,Aurora Highlands,Denver,Adams County,228,Elm,DX-201,Duplex,3.0,2,1,1590,2,2,No basement,Flat,3350.0,True,5200,F. Kowalski,,2025-07-07,2025-08-18,2025-09-19,,,,,BUILDPRO_EXPORT,In Progress,,False,scoring_set
H104890,Aurora Highlands,Denver,Adams County,337,Cedar,TH-103,Townhome,3.0,3,0,1450,2,1,No basement,Flat,2050.0,False,38400,J. Abadi,2025-05-23,2025-08-08,2025-09-20,2025-09-30,,,,,BUILDPRO_EXPORT,In Progress,,False,scoring_set
H104869,Auburn Meadows,Calgary,City of Calgary,405,Ginkgo,DX-203,Duplex,4.0,3,0,1760,2,2,No basement,Flat,4350.0,True,20300,V. Okonkwo,,2025-08-03,2025-08-30,2025-09-26,,,,,BUILDPRO_EXPORT,In Progress,,False,scoring_set
H104787,Sterling Ranch,Denver,Douglas County,217,Aspen,TH-101,Townhome,2.0,2,0,1260,2,1,No basement,Flat,2900.0,True,32900,E. Osei,,2025-06-14,2025-07-09,2025-09-07,,,,,BUILDPRO_EXPORT,In Progress,,False,scoring_set
H104802,Laurel Green,Edmonton,City of Edmonton,315,Cedar,TH-103,Townhome,3.0,3,0,1450,2,1,No basement,Flat,2400.0,True,2600,C. Nakamura,,2025-08-07,2025-08-29,2025-09-11,,,,,BUILDPRO_EXPORT,In Progress,,False,scoring_set
H104900,Mahogany Point,Calgary,Rocky View County,167,Elm,DX-201,Duplex,3.0,2,1,1530,2,2,No basement,Flat,4450.0,False,42200,H. Lindqvist,2025-06-14,2025-07-03,2025-08-08,2025-10-02,,,,,BUILDPRO_EXPORT,In Progress,,False,scoring_set
H104666,Laurel Green,Edmonton,City of Edmonton,6,Elm,DX-201,Duplex,3.0,2,1,1550,2,2,Unfinished,Walkout,4250.0,False,53600,G. Ramirez,,2025-05-07,2025-06-15,2025-08-04,,,,,BUILDPRO_EXPORT,In Progress,,False,scoring_set
H105231,Keswick Landing,Edmonton,Leduc County,200,Cedar,TH-103,Townhome,3.0,3,0,1410,2,1,No basement,Flat,2150.0,False,22700,W. Halvorsen,2025-11-19,2025-09-25,2025-12-23,2025-12-31,,,,,BUILDPRO_EXPORT,In Progress,,False,scoring_set
H104957,Keswick Landing,Edmonton,Leduc County,272,Dogwood,TH-104,Townhome,2.0,2,1,1350,2,1,No basement,Flat,1800.0,False,65000,F. Kowalski,2025-06-20,2025-09-03,2025-09-26,2025-10-15,,,,,BUILDPRO_EXPORT,In Progress,,False,scoring_set
H104969,Glenridding,Edmonton,City of Edmonton,334,Birch,TH-102,Townhome,3.0,2,1,1390,2,1,No basement,Flat,2950.0,False,46600,M. Petrov,2025-05-14,2025-08-17,2025-09-12,2025-10-19,,,,,BUILDPRO_EXPORT,In Progress,,False,scoring_set
H104913,Glenridding,Edmonton,City of Edmonton,8,Juniper,SF-304,Single Family,4.0,3,1,2420,2,2,Finished,Corner,2450.0,False,50500,M. Petrov,2025-08-08,2025-07-03,2025-09-22,2025-10-05,,,,,BUILDPRO_EXPORT,In Progress,,False,scoring_set
H105130,Riverbend,Calgary,City of Calgary,70,Dogwood,TH-104,Townhome,2.0,2,1,1200,2,1,No basement,Corner,2250.0,False,16100,G. Ramirez,,2025-07-31,2025-10-07,2025-11-29,,,,,BUILDPRO_EXPORT,In Progress,,False,scoring_set
H105087,Windermere,Edmonton,City of Edmonton,338,Ginkgo,DX-203,Duplex,4.0,3,0,1720,2,2,Unfinished,Flat,3750.0,False,30700,F. Kowalski,2025-08-11,2025-10-18,2025-10-24,2025-11-19,,,,,BUILDPRO_EXPORT,In Progress,,False,scoring_set
H104667,Keswick Landing,Edmonton,Leduc County,50,Poplar,SF-306,Single Family,4.0,4,0,2850,2,2,Unfinished,Walkout,8650.0,False,70700,K. Thibodeau,2025-06-15,2025-05-12,2025-06-21,2025-08-04,,,,,BUILDPRO_EXPORT,In Progress,,False,scoring_set
H104815,Laurel Green,Edmonton,City of Edmonton,49,Dogwood,TH-104,Townhome,2.0,2,1,1240,2,1,Unfinished,Flat,2400.0,True,7300,A. Boucher,,2025-07-07,2025-08-20,2025-09-15,,,,,BUILDPRO_EXPORT,In Progress,,False,scoring_set
H104686,Barefoot Lakes,Denver,Adams County,346,Cedar,TH-103,Townhome,3.0,3,0,1430,2,1,No basement,Flat,2450.0,False,8000,V. Okonkwo,2025-04-26,2025-06-30,2025-07-14,2025-08-09,,,,,BUILDPRO_EXPORT,In Progress,,False,scoring_set
H104925,Sterling Ranch,Denver,Douglas County,190,Birch,TH-102,Townhome,3.0,2,1,1340,2,1,No basement,Flat,2950.0,False,54000,J. Abadi,2025-05-14,2025-06-06,2025-08-16,2025-10-08,,,,,BUILDPRO_EXPORT,In Progress,,False,scoring_set
H104973,Aurora Highlands,Denver,Adams County,151,Katsura,SF-305,Single Family,4.0,4,0,2580,2,3,Finished,Walkout,3900.0,False,98100,W. Halvorsen,2025-08-05,2025-06-28,2025-08-22,2025-10-19,,,,,BUILDPRO_EXPORT,In Progress,,False,scoring_set
H104723,Glenridding,Edmonton,City of Edmonton,286,Cedar,TH-103,Townhome,3.0,3,0,1510,2,1,No basement,Flat,2200.0,False,24900,E. Osei,2025-06-21,2025-07-24,2025-08-13,2025-08-18,,,,,BUILDPRO_EXPORT,In Progress,,False,scoring_set
H105145,Sterling Ranch,Denver,Douglas County,8,Ginkgo,DX-203,Duplex,4.0,3,0,1850,2,2,Unfinished,Flat,3000.0,False,47000,S. Ahmadi,2025-08-21,2025-07-04,2025-11-26,2025-12-02,,,,,BUILDPRO_EXPORT,In Progress,,False,scoring_set
H104914,Keswick Landing,Edmonton,Leduc County,314,Cedar,TH-103,Townhome,3.0,3,0,1470,2,1,Unfinished,Flat,2500.0,False,28300,A. Boucher,,2025-07-19,2025-09-26,2025-10-05,,,,,BUILDPRO_EXPORT,In Progress,,False,scoring_set
H105063,Cranston Ridge,Calgary,City of Calgary,299,Katsura,SF-305,Single Family,4.0,4,0,2570,2,3,No basement,Flat,5350.0,False,12900,D. Whitfield,2025-07-23,2025-08-21,2025-09-20,2025-11-12,,,,,BUILDPRO_EXPORT,In Progress,,False,scoring_set
H104812,Legacy Gate,Calgary,Rocky View County,377,Ginkgo,DX-203,Duplex,4.0,3,0,1750,2,2,No basement,Flat,4050.0,False,60000,K. Thibodeau,2025-08-20,2025-07-08,2025-07-16,2025-09-14,,,,,BUILDPRO_EXPORT,In Progress,,False,scoring_set
H104707,Glenridding,Edmonton,City of Edmonton,156,Aspen,TH-101,Townhome,2.0,2,0,1310,2,1,Unfinished,Corner,2300.0,True,8100,C. Nakamura,,2025-07-03,2025-08-06,2025-08-14,,,,,BUILDPRO_EXPORT,In Progress,,False,scoring_set
H104867,Green Valley,Denver,City of Denver,125,Cedar,TH-103,Townhome,3.0,3,0,1500,2,1,No basement,Flat,2300.0,False,34600,D. Whitfield,2025-07-31,2025-07-04,2025-09-19,2025-09-25,,,,,BUILDPRO_EXPORT,In Progress,,False,scoring_set
H104946,Green Valley,Denver,City of Denver,6,Dogwood,TH-104,Townhome,2.0,2,1,1290,2,1,No basement,Flat,2050.0,False,30200,A. Boucher,2025-06-17,2025-09-10,2025-09-25,2025-10-14,,,,,BUILDPRO_EXPORT,In Progress,,False,scoring_set
H104660,Green Valley,Denver,City of Denver,385,Hawthorn,SF-301,Single Family,3.0,2,0,1860,1,2,Unfinished,Flat,6600.0,False,17700,F. Kowalski,,2025-06-12,2025-07-14,2025-08-01,,,,,BUILDPRO_EXPORT,In Progress,,False,scoring_set
H105000,Auburn Meadows,Calgary,City of Calgary,210,Birch,TH-102,Townhome,3.0,2,1,1270,2,1,No basement,Flat,2900.0,False,43800,D. Whitfield,2025-05-28,2025-08-10,2025-10-19,2025-10-27,,,,,BUILDPRO_EXPORT,In Progress,,False,scoring_set
H104928,Green Valley,Denver,City of Denver,202,Birch,TH-102,Townhome,3.0,2,1,1330,2,1,No basement,Flat,2700.0,False,18400,H. Lindqvist,,2025-05-03,2025-08-16,2025-10-08,,,,,BUILDPRO_EXPORT,In Progress,,False,scoring_set
H104924,Barefoot Lakes,Denver,Adams County,399,Ginkgo,DX-203,Duplex,4.0,3,0,1820,2,2,Unfinished,Flat,3850.0,False,48400,D. Whitfield,2025-08-16,2025-07-22,2025-08-10,2025-10-08,,,,,BUILDPRO_EXPORT,In Progress,,False,scoring_set
H105076,Glenridding,Edmonton,City of Edmonton,141,Elm,DX-201,Duplex,3.0,2,1,1560,2,2,No basement,Flat,3800.0,False,12800,N. Ferreira,,2025-08-21,2025-09-24,2025-11-16,,,,,BUILDPRO_EXPORT,In Progress,,False,scoring_set
H105086,Windermere,Edmonton,City of Edmonton,151,Katsura,SF-305,Single Family,4.0,4,0,2740,2,3,Unfinished,Flat,2000.0,False,41300,V. Okonkwo,2025-07-16,2025-08-16,2025-09-21,2025-11-19,,,,,BUILDPRO_EXPORT,In Progress,,False,scoring_set
H105027,Sterling Ranch,Denver,Douglas County,24,Larch,SF-307,Single Family,5.0,4,0,2830,2,3,Finished,Flat,,False,55800,W. Halvorsen,,2025-06-05,2025-09-03,2025-11-02,,,,,BUILDPRO_EXPORT,In Progress,,False,scoring_set
H104754,Glenridding,Edmonton,City of Edmonton,183,Cedar,TH-103,Townhome,3.0,3,0,1380,2,1,Unfinished,Flat,2300.0,False,15000,A. Boucher,2025-07-15,2025-07-07,2025-08-14,2025-08-29,,,,,BUILDPRO_EXPORT,In Progress,,False,scoring_set
H105209,Riverbend,Calgary,City of Calgary,249,Oakmont,SF-302,Single Family,3.0,3,0,2200,1,3,Finished,Corner,5950.0,True,3300,K. Thibodeau,,2025-10-16,2025-12-02,2025-12-23,,,,,BUILDPRO_EXPORT,In Progress,,False,scoring_set
H105011,Windermere,Edmonton,City of Edmonton,158,Ginkgo,DX-203,Duplex,4.0,3,0,1780,2,2,No basement,Flat,3400.0,False,62000,L. Mwangi,2025-08-27,2025-08-23,2025-09-24,2025-10-29,,,,,BUILDPRO_EXPORT,In Progress,,False,scoring_set
H104701,Legacy Gate,Calgary,Rocky View County,412,Cedar,TH-103,Townhome,3.0,3,0,1480,2,1,No basement,Flat,2700.0,False,38800,T. Beaulieu,2025-06-11,2025-01-18,2025-07-01,2025-08-13,,,,,BUILDPRO_EXPORT,In Progress,,False,scoring_set
H105020,Mahogany Point,Calgary,Rocky View County,395,Ginkgo,DX-203,Duplex,4.0,3,0,1710,2,2,Finished,Flat,3850.0,False,49800,K. Thibodeau,2025-06-17,2025-07-30,2025-09-30,2025-10-31,,,,,BUILDPRO_EXPORT,In Progress,,False,scoring_set
H105062,Laurel Green,Edmonton,City of Edmonton,165,Aspen,TH-101,Townhome,2.0,2,0,1220,2,1,No basement,Flat,2650.0,True,16500,M. Petrov,,2025-08-04,2025-09-22,2025-11-12,,,,,BUILDPRO_EXPORT,In Progress,,False,scoring_set
H105229,Auburn Meadows,Calgary,City of Calgary,228,Cedar,TH-103,Townhome,3.0,3,0,1320,2,1,No basement,Corner,2750.0,True,4400,J. Abadi,,2025-10-28,2025-12-11,2025-12-29,,,,,BUILDPRO_EXPORT,In Progress,,False,scoring_set
H104775,Laurel Green,Edmonton,City of Edmonton,152,Birch,TH-102,Townhome,3.0,2,1,1280,2,1,No basement,Corner,2400.0,False,43100,V. Okonkwo,2025-04-07,2025-07-05,2025-07-24,2025-09-03,,,,,BUILDPRO_EXPORT,In Progress,,False,scoring_set
H104704,Windermere,Edmonton,City of Edmonton,326,Birch,TH-102,Townhome,3.0,2,1,1320,2,1,No basement,Flat,2200.0,False,42600,N. Ferreira,,2025-07-15,2025-08-01,2025-08-13,,,,,BUILDPRO_EXPORT,In Progress,,False,scoring_set
H104820,Green Valley,Denver,City of Denver,379,Ironwood,SF-303,Single Family,4.0,3,0,2210,2,2,Unfinished,Flat,5400.0,False,23800,S. Ahmadi,2025-07-03,2025-07-14,2025-08-11,2025-09-16,,,,,BUILDPRO_EXPORT,In Progress,,False,scoring_set
H105150,Mahogany Point,Calgary,Rocky View County,260,Elm,DX-201,Duplex,3.0,2,1,1420,2,2,No basement,Flat,3600.0,False,20400,C. Nakamura,2025-09-11,2025-09-07,2025-10-16,2025-12-02,,,,,BUILDPRO_EXPORT,In Progress,,False,scoring_set
H104776,Aurora Highlands,Denver,Adams County,77,Dogwood,TH-104,Townhome,2.0,2,1,1260,2,1,Unfinished,Flat,2250.0,False,23000,C. Nakamura,,2025-07-01,2025-07-07,2025-09-04,,,,,BUILDPRO_EXPORT,In Progress,,False,scoring_set
H104947,Wildgrass,Denver,Douglas County,154,Nyssa,SF-309,Single Family,5.0,5,0,3220,2,3,Unfinished,Walkout,5700.0,False,74100,H. Lindqvist,2025-09-15,2025-08-03,2025-08-28,2025-10-14,,,,,BUILDPRO_EXPORT,In Progress,,False,scoring_set
H104736,Legacy Gate,Calgary,Rocky View County,47,Ginkgo,DX-203,Duplex,4.0,3,0,1800,2,2,No basement,Corner,3450.0,False,20100,L. Mwangi,2025-03-25,2025-06-28,2025-07-31,2025-08-22,,,,,BUILDPRO_EXPORT,In Progress,,False,scoring_set
H105159,Windermere,Edmonton,City of Edmonton,123,Cedar,TH-103,Townhome,3.0,3,0,1570,2,1,No basement,Flat,2850.0,False,31100,F. Kowalski,2025-09-25,2025-10-10,2025-11-08,2025-12-05,,,,,BUILDPRO_EXPORT,In Progress,,False,scoring_set
H105048,Laurel Green,Edmonton,City of Edmonton,405,Dogwood,TH-104,Townhome,2.0,2,1,1220,2,1,No basement,Flat,2500.0,True,3500,A. Boucher,,2025-10-03,2025-10-13,2025-11-08,,,,,BUILDPRO_EXPORT,In Progress,,False,scoring_set
H105199,Glenridding,Edmonton,City of Edmonton,218,Hawthorn,SF-301,Single Family,3.0,2,0,1900,1,2,Finished,Flat,4300.0,False,54700,H. Lindqvist,2025-09-02,2025-09-20,2025-11-08,2025-12-17,,,,,BUILDPRO_EXPORT,In Progress,,False,scoring_set
H104722,Wildgrass,Denver,Douglas County,61,Birch,TH-102,Townhome,3.0,2,1,1360,2,1,No basement,Flat,2400.0,True,9000,L. Mwangi,,2025-07-20,2025-08-12,2025-08-17,,,,,BUILDPRO_EXPORT,In Progress,,False,scoring_set
H104997,Cranston Ridge,Calgary,City of Calgary,9,Aspen,TH-101,Townhome,2.0,2,0,1140,2,1,No basement,Flat,2450.0,False,37200,S. Ahmadi,2025-08-03,2025-06-16,2025-10-03,2025-10-27,,,,,BUILDPRO_EXPORT,In Progress,,False,scoring_set
H105160,Legacy Gate,Calgary,Rocky View County,31,Dogwood,TH-104,Townhome,2.0,2,1,1200,2,1,No basement,Flat,1800.0,False,11600,D. Whitfield,2025-09-27,2025-08-24,2025-10-30,2025-12-06,,,,,BUILDPRO_EXPORT,In Progress,,False,scoring_set
H105156,Sterling Ranch,Denver,Douglas County,407,Birch,TH-102,Townhome,3.0,2,1,1250,2,1,No basement,Corner,2200.0,True,6000,N. Ferreira,,2025-09-29,2025-11-09,2025-12-05,,,,,BUILDPRO_EXPORT,In Progress,,False,scoring_set
H105233,Green Valley,Denver,City of Denver,290,Larch,SF-307,Single Family,,4,0,3080,2,3,Finished,Flat,3450.0,True,5800,R. Ivanova,,2025-10-20,2025-12-01,2025-12-31,,,,,BUILDPRO_EXPORT,In Progress,,False,scoring_set
H104889,Cranston Ridge,Calgary,City of Calgary,408,Birch,TH-102,Townhome,3.0,2,1,1360,2,1,No basement,Flat,2400.0,True,7300,H. Lindqvist,,2025-07-05,2025-08-01,2025-09-30,,,,,BUILDPRO_EXPORT,In Progress,,False,scoring_set
H104956,Green Valley,Denver,City of Denver,240,Dogwood,TH-104,Townhome,2.0,2,1,1200,2,1,Unfinished,Flat,2100.0,False,16400,G. Ramirez,,2025-07-16,2025-09-04,2025-10-15,,,,,BUILDPRO_EXPORT,In Progress,,False,scoring_set
H104845,Windermere,Edmonton,City of Edmonton,10,Dogwood,TH-104,Townhome,2.0,2,1,1370,2,1,No basement,Flat,3300.0,True,8700,T. Beaulieu,,2025-07-01,2025-08-07,2025-09-21,,,,,BUILDPRO_EXPORT,In Progress,,False,scoring_set
H105092,Riverbend,Calgary,City of Calgary,118,Nyssa,SF-309,Single Family,5.0,5,0,3320,2,3,Unfinished,Walkout,5750.0,False,10400,M. Petrov,2025-06-14,2025-07-28,2025-11-07,2025-11-20,,,,,BUILDPRO_EXPORT,In Progress,,False,scoring_set
H104858,Laurel Green,Edmonton,City of Edmonton,138,Aspen,TH-101,Townhome,2.0,2,0,1120,2,1,Unfinished,Flat,2500.0,False,20400,F. Kowalski,2025-04-16,2025-08-13,2025-09-08,2025-09-23,,,,,BUILDPRO_EXPORT,In Progress,,False,scoring_set
H105079,Cranston Ridge,Calgary,City of Calgary,120,Dogwood,TH-104,Townhome,2.0,2,1,1210,2,1,No basement,Flat,2600.0,False,46800,C. Nakamura,2025-07-05,2025-08-10,2025-09-25,2025-11-17,,,,,BUILDPRO_EXPORT,In Progress,,False,scoring_set
H105024,Sterling Ranch,Denver,Douglas County,153,Elm,DX-201,Duplex,3.0,2,1,1500,2,2,No basement,Flat,2900.0,True,9200,A. Boucher,,2025-07-23,2025-09-19,2025-11-01,,,,,BUILDPRO_EXPORT,In Progress,,False,scoring_set
H105098,Windermere,Edmonton,City of Edmonton,41,Maple,SF-308,Single Family,5.0,4,1,3270,2,3,Unfinished,Flat,5000.0,True,11400,S. Ahmadi,,2025-06-16,2025-10-01,2025-11-22,,,,,BUILDPRO_EXPORT,In Progress,,False,scoring_set
H105144,Riverbend,Calgary,City of Calgary,373,Aspen,TH-101,Townhome,2.0,2,0,1200,2,1,No basement,Flat,2200.0,False,24300,C. Nakamura,2025-07-28,2025-08-26,2025-11-14,2025-12-02,,,,,BUILDPRO_EXPORT,In Progress,,False,scoring_set
H104780,Aurora Highlands,Denver,Adams County,396,Juniper,SF-304,Single Family,4.0,3,1,2280,2,2,Unfinished,Walkout,7850.0,True,10300,W. Halvorsen,,2025-05-25,2025-07-20,2025-09-05,,,,,BUILDPRO_EXPORT,In Progress,,False,scoring_set
H105212,Green Valley,Denver,City of Denver,360,Fir,DX-202,Duplex,3.0,3,0,1660,2,2,Unfinished,Flat,4250.0,False,34800,G. Ramirez,2025-08-06,2025-10-30,2025-12-19,2025-12-25,,,,,BUILDPRO_EXPORT,In Progress,,False,scoring_set
H104906,Aurora Highlands,Denver,Adams County,216,Maple,SF-308,Single Family,5.0,4,1,3130,2,3,Finished,Walkout,7300.0,False,27000,W. Halvorsen,2025-08-22,2025-09-01,2025-09-20,2025-10-03,,,,,BUILDPRO_EXPORT,In Progress,,False,scoring_set
H104966,Laurel Green,Edmonton,City of Edmonton,181,Ginkgo,DX-203,Duplex,4.0,3,0,1810,2,2,Unfinished,Walkout,3750.0,True,8500,F. Kowalski,,2025-06-19,2025-09-05,2025-10-17,,,,,BUILDPRO_EXPORT,In Progress,,False,scoring_set
H105208,Aurora Highlands,Denver,Adams County,94,Ginkgo,DX-203,Duplex,4.0,3,0,1890,2,2,No basement,Walkout,3750.0,False,20900,P. Sandoval,2025-08-08,2025-10-03,2025-11-16,2025-12-20,,,,,BUILDPRO_EXPORT,In Progress,,False,scoring_set
H105022,Auburn Meadows,Calgary,City of Calgary,375,Juniper,SF-304,Single Family,4.0,3,1,2420,2,2,Unfinished,Flat,5050.0,False,48500,J. Abadi,2025-09-20,2025-08-21,2025-10-20,2025-11-01,,,,,BUILDPRO_EXPORT,In Progress,,False,scoring_set
H104817,Windermere,Edmonton,City of Edmonton,320,Dogwood,TH-104,Townhome,2.0,2,1,1280,2,1,Unfinished,Corner,2650.0,False,57300,W. Halvorsen,2025-06-22,2025-08-01,2025-08-21,2025-09-15,,,,,BUILDPRO_EXPORT,In Progress,,False,scoring_set
H104744,Legacy Gate,Calgary,Rocky View County,247,Cedar,TH-103,Townhome,3.0,3,0,1340,2,1,No basement,Corner,2400.0,False,53900,H. Lindqvist,,2025-06-28,2025-08-08,2025-08-25,,,,,BUILDPRO_EXPORT,In Progress,,False,scoring_set
H104884,Barefoot Lakes,Denver,Adams County,169,Aspen,TH-101,Townhome,2.0,2,0,1190,2,1,No basement,Flat,2500.0,False,27100,F. Kowalski,2025-05-18,2025-08-10,2025-08-29,2025-09-29,,,,,BUILDPRO_EXPORT,In Progress,,False,scoring_set
H105035,Barefoot Lakes,Denver,Adams County,313,Fir,DX-202,Duplex,3.0,3,0,1670,2,2,Unfinished,Flat,3650.0,False,64200,T. Beaulieu,,2025-09-18,2025-10-16,2025-11-04,,,,,BUILDPRO_EXPORT,In Progress,,False,scoring_set
H104921,Green Valley,Denver,City of Denver,115,Cedar,TH-103,Townhome,3.0,3,0,1460,2,1,No basement,Flat,2150.0,False,18500,R. Ivanova,2025-08-04,2025-05-17,2025-09-02,2025-10-07,,,,,BUILDPRO_EXPORT,In Progress,,False,scoring_set
H104990,Wildgrass,Denver,Douglas County,295,Fir,DX-202,Duplex,3.0,3,0,1670,2,2,Unfinished,Flat,3750.0,True,1500,A. Boucher,,2025-08-23,2025-09-21,2025-10-24,,,,,BUILDPRO_EXPORT,In Progress,,False,scoring_set
H105170,Green Valley,Denver,City of Denver,111,Larch,SF-307,Single Family,5.0,4,0,2820,2,3,Unfinished,Flat,4100.0,False,40200,W. Halvorsen,2025-09-02,2025-07-12,2025-11-05,2025-12-08,,,,,BUILDPRO_EXPORT,In Progress,,False,scoring_set
H104735,Legacy Gate,Calgary,Rocky View County,236,Dogwood,TH-104,Townhome,2.0,2,1,1300,2,1,No basement,Flat,1800.0,False,13400,E. Osei,2025-05-30,2025-05-22,2025-07-29,2025-08-22,,,,,BUILDPRO_EXPORT,In Progress,,False,scoring_set
H105157,Laurel Green,Edmonton,City of Edmonton,410,Nyssa,SF-309,Single Family,5.0,5,0,3490,2,3,Unfinished,Flat,5650.0,True,13300,R. Ivanova,,2025-10-24,2025-11-08,2025-12-05,,,,,BUILDPRO_EXPORT,In Progress,,False,scoring_set
H105135,Sterling Ranch,Denver,Douglas County,29,Larch,SF-307,Single Family,5.0,4,0,2880,2,3,Unfinished,Corner,,False,18600,J. Abadi,,2025-09-09,2025-10-20,2025-11-30,,,,,BUILDPRO_EXPORT,In Progress,,False,scoring_set
H104746,Legacy Gate,Calgary,Rocky View County,12,Hawthorn,SF-301,Single Family,3.0,2,0,1890,1,2,Finished,Flat,4200.0,False,37900,E. Osei,2025-06-19,2025-05-11,2025-08-03,2025-08-26,,,,,BUILDPRO_EXPORT,In Progress,,False,scoring_set
H105080,Legacy Gate,Calgary,Rocky View County,7,Ironwood,SF-303,Single Family,4.0,3,0,2130,2,2,Unfinished,Flat,6500.0,False,36200,K. Thibodeau,2025-07-13,2025-09-07,2025-11-07,2025-11-17,,,,,BUILDPRO_EXPORT,In Progress,,False,scoring_set
H105236,Laurel Green,Edmonton,City of Edmonton,303,Larch,SF-307,Single Family,5.0,4,0,2980,2,3,Unfinished,Walkout,5050.0,False,11600,G. Ramirez,2025-08-27,2025-10-02,2025-11-23,2025-12-31,,,,,BUILDPRO_EXPORT,In Progress,,False,scoring_set
H104841,Riverbend,Calgary,City of Calgary,163,Cedar,TH-103,Townhome,3.0,3,0,1480,2,1,Unfinished,Flat,2850.0,False,68900,T. Beaulieu,2025-07-23,2025-07-21,2025-08-14,2025-09-21,,,,,BUILDPRO_EXPORT,In Progress,,False,scoring_set
H104764,Laurel Green,Edmonton,City of Edmonton,25,Larch,SF-307,Single Family,5.0,4,0,2920,2,3,Unfinished,Flat,6650.0,True,7900,J. Abadi,,2025-07-09,2025-08-06,2025-08-31,,,,,BUILDPRO_EXPORT,In Progress,,False,scoring_set
H105168,Cranston Ridge,Calgary,City of Calgary,211,Maple,SF-308,Single Family,5.0,4,1,3340,2,3,Unfinished,Corner,4900.0,True,5700,R. Ivanova,,2025-07-30,2025-11-07,2025-12-08,,,,,BUILDPRO_EXPORT,In Progress,,False,scoring_set
H105097,Auburn Meadows,Calgary,City of Calgary,90,Hawthorn,SF-301,Single Family,3.0,2,0,1790,1,2,No basement,Flat,3450.0,False,44400,C. Nakamura,2025-08-05,2025-08-25,2025-10-04,2025-11-22,,,,,BUILDPRO_EXPORT,In Progress,,False,scoring_set
H104708,Green Valley,Denver,City of Denver,285,Juniper,SF-304,Single Family,4.0,3,1,2410,2,2,Unfinished,Walkout,8350.0,False,23800,S. Ahmadi,,2025-05-02,2025-06-21,2025-08-14,,,,,BUILDPRO_EXPORT,In Progress,,False,scoring_set
H105203,Riverbend,Calgary,City of Calgary,148,Juniper,SF-304,Single Family,4.0,3,1,2280,2,2,Unfinished,Flat,6500.0,False,33600,N. Ferreira,2025-08-04,2025-10-03,2025-11-06,2025-12-18,,,,,BUILDPRO_EXPORT,In Progress,,False,scoring_set
H104664,Aurora Highlands,Denver,Adams County,261,Hawthorn,SF-301,Single Family,3.0,2,0,1690,1,2,Unfinished,Flat,5550.0,False,20200,R. Ivanova,2025-04-20,2025-06-12,2025-07-28,2025-08-04,,,,,BUILDPRO_EXPORT,In Progress,,False,scoring_set
H104676,Mahogany Point,Calgary,Rocky View County,61,Elm,DX-201,Duplex,3.0,2,1,1580,2,2,Unfinished,Flat,3850.0,False,23400,C. Nakamura,2025-03-14,2025-03-30,2025-07-09,2025-08-06,,,,,BUILDPRO_EXPORT,In Progress,,False,scoring_set
H104893,Green Valley,Denver,City of Denver,119,Dogwood,TH-104,Townhome,2.0,2,1,1340,2,1,Unfinished,Flat,2900.0,False,54600,K. Thibodeau,2025-09-02,2025-08-04,2025-09-16,2025-10-01,,,,,BUILDPRO_EXPORT,In Progress,,False,scoring_set
H105172,Wildgrass,Denver,Douglas County,346,Ironwood,SF-303,Single Family,4.0,3,0,2190,2,2,Unfinished,Flat,6800.0,False,19300,N. Ferreira,2025-09-14,2025-10-03,2025-11-15,2025-12-08,,,,,BUILDPRO_EXPORT,In Progress,,False,scoring_set
H105031,Aurora Highlands,Denver,Adams County,78,Aspen,TH-101,Townhome,2.0,2,0,1200,2,1,No basement,Flat,1500.0,False,7300,C. Nakamura,,2025-09-01,2025-10-08,2025-11-03,,,,,BUILDPRO_EXPORT,In Progress,,False,scoring_set
H105166,Laurel Green,Edmonton,City of Edmonton,407,Katsura,SF-305,Single Family,4.0,4,0,2740,2,3,Unfinished,Walkout,6750.0,False,18000,G. Ramirez,2025-09-23,2025-09-02,2025-10-15,2025-12-08,,,,,BUILDPRO_EXPORT,In Progress,,False,scoring_set
H104765,Mahogany Point,Calgary,Rocky View County,293,Juniper,SF-304,Single Family,4.0,3,1,2410,2,2,Finished,Flat,1850.0,False,54300,V. Okonkwo,2025-03-25,2025-06-19,2025-07-30,2025-08-31,,,,,BUILDPRO_EXPORT,In Progress,,False,scoring_set
H105102,Aurora Highlands,Denver,Adams County,42,Fir,DX-202,Duplex,3.0,3,0,1740,2,2,Unfinished,Flat,2800.0,True,14000,T. Beaulieu,,2025-10-17,2025-11-04,2025-11-23,,,,,BUILDPRO_EXPORT,In Progress,,False,scoring_set
H105077,Laurel Green,Edmonton,City of Edmonton,250,Dogwood,TH-104,Townhome,2.0,2,1,1180,2,1,No basement,Corner,,False,29800,A. Boucher,2025-09-20,2025-09-10,2025-10-01,2025-11-16,,,,,BUILDPRO_EXPORT,In Progress,,False,scoring_set
H104793,Auburn Meadows,Calgary,City of Calgary,210,Fir,DX-202,Duplex,3.0,3,0,1730,2,2,Unfinished,Flat,3900.0,False,22700,E. Osei,2025-06-14,2025-06-29,2025-07-19,2025-09-09,,,,,BUILDPRO_EXPORT,In Progress,,False,scoring_set
H104671,Glenridding,Edmonton,City of Edmonton,368,Birch,TH-102,Townhome,3.0,2,1,1420,2,1,No basement,Flat,2900.0,True,4800,F. Kowalski,,2025-06-30,2025-07-06,2025-08-06,,,,,BUILDPRO_EXPORT,In Progress,,False,scoring_set
H104885,Green Valley,Denver,City of Denver,157,Cedar,TH-103,Townhome,3.0,3,0,1480,2,1,No basement,Flat,2600.0,True,1700,C. Nakamura,,2025-07-22,2025-09-07,2025-09-29,,,,,BUILDPRO_EXPORT,In Progress,,False,scoring_set
H104873,Green Valley,Denver,City of Denver,318,Aspen,TH-101,Townhome,2.0,2,0,1130,2,1,No basement,Flat,2250.0,True,2000,H. Lindqvist,,2025-07-22,2025-08-27,2025-09-26,,,,,BUILDPRO_EXPORT,In Progress,,False,scoring_set
H104849,Sterling Ranch,Denver,Douglas County,134,Ironwood,SF-303,Single Family,4.0,3,0,2060,2,2,Finished,Corner,4000.0,False,28000,K. Thibodeau,2025-07-07,2025-07-21,2025-08-05,2025-09-22,,,,,BUILDPRO_EXPORT,In Progress,,False,scoring_set
H104911,Barefoot Lakes,Denver,Adams County,244,Oakmont,SF-302,Single Family,3.0,3,0,2190,1,3,No basement,Flat,8200.0,False,22100,N. Ferreira,2025-05-05,2025-09-03,2025-09-29,2025-10-04,,,,,BUILDPRO_EXPORT,In Progress,,False,scoring_set
H104979,Windermere,Edmonton,City of Edmonton,138,Nyssa,SF-309,Single Family,5.0,5,0,3550,2,3,Finished,Walkout,6700.0,False,15800,V. Okonkwo,2025-06-23,2025-09-11,2025-10-02,2025-10-21,,,,,BUILDPRO_EXPORT,In Progress,,False,scoring_set
H104941,Mahogany Point,Calgary,Rocky View County,297,Ginkgo,DX-203,Duplex,4.0,3,0,1800,2,2,Unfinished,Corner,3550.0,False,31100,L. Mwangi,,2025-09-02,2025-09-26,2025-10-13,,,,,BUILDPRO_EXPORT,In Progress,,False,scoring_set
H104688,Mahogany Point,Calgary,Rocky View County,108,Fir,DX-202,Duplex,3.0,3,0,1690,2,2,Finished,Flat,3150.0,False,6900,P. Sandoval,2025-04-11,2025-07-11,2025-07-29,2025-08-10,,,,,BUILDPRO_EXPORT,In Progress,,False,scoring_set
H104828,Windermere,Edmonton,City of Edmonton,209,Ironwood,SF-303,Single Family,,3,0,2110,2,2,Finished,Flat,4550.0,True,6900,N. Ferreira,,2025-06-10,2025-07-30,2025-09-17,,,,,BUILDPRO_EXPORT,In Progress,,False,scoring_set
H104839,Aurora Highlands,Denver,Adams County,388,Birch,TH-102,Townhome,3.0,2,1,1450,2,1,No basement,Flat,2500.0,False,40800,C. Nakamura,,2025-06-21,2025-07-26,2025-09-20,,,,,BUILDPRO_EXPORT,In Progress,,False,scoring_set
H104759,Wildgrass,Denver,Douglas County,398,Nyssa,SF-309,Single Family,5.0,5,0,3360,2,3,Unfinished,Flat,4050.0,True,1800,F. Kowalski,,2025-06-22,2025-07-13,2025-08-30,,,,,BUILDPRO_EXPORT,In Progress,,False,scoring_set
H104856,Green Valley,Denver,City of Denver,189,Oakmont,SF-302,Single Family,,3,0,2250,1,3,Unfinished,Flat,5650.0,True,1600,T. Beaulieu,,2025-06-21,2025-08-01,2025-09-23,,,,,BUILDPRO_EXPORT,In Progress,,False,scoring_set
H104868,Windermere,Edmonton,City of Edmonton,303,Aspen,TH-101,Townhome,2.0,2,0,1150,2,1,No basement,Corner,2500.0,False,13800,C. Nakamura,2025-06-08,2025-07-10,2025-08-10,2025-09-25,,,,,BUILDPRO_EXPORT,In Progress,,False,scoring_set
H104794,Glenridding,Edmonton,City of Edmonton,228,Ginkgo,DX-203,Duplex,4.0,3,0,1760,2,2,No basement,Corner,4800.0,True,4500,L. Mwangi,,2025-07-28,2025-08-07,2025-09-09,,,,,BUILDPRO_EXPORT,In Progress,,False,scoring_set
H105215,Wildgrass,Denver,Douglas County,192,Cedar,TH-103,Townhome,3.0,3,0,1370,2,1,No basement,Corner,2350.0,True,5500,R. Ivanova,,2025-10-26,2025-11-16,2025-12-26,,,,,BUILDPRO_EXPORT,In Progress,,False,scoring_set
H104808,Mahogany Point,Calgary,Rocky View County,177,Cedar,TH-103,Townhome,3.0,3,0,1500,2,1,No basement,Flat,2950.0,True,5200,H. Lindqvist,,2025-06-30,2025-08-14,2025-09-13,,,,,BUILDPRO_EXPORT,In Progress,,False,scoring_set
H104857,Green Valley,Denver,City of Denver,29,Ironwood,SF-303,Single Family,4.0,3,0,1970,2,2,Unfinished,Walkout,5750.0,False,84400,W. Halvorsen,2025-05-25,2025-08-18,2025-09-06,2025-09-23,,,,,BUILDPRO_EXPORT,In Progress,,False,scoring_set
H105032,Keswick Landing,Edmonton,Leduc County,321,Birch,TH-102,Townhome,3.0,2,1,1250,2,1,No basement,Flat,2050.0,False,15600,C. Nakamura,2025-06-09,2025-09-04,2025-10-24,2025-11-03,,,,,BUILDPRO_EXPORT,In Progress,,False,scoring_set
H104825,Riverbend,Calgary,City of Calgary,287,Poplar,SF-306,Single Family,4.0,4,0,2790,2,2,Unfinished,Flat,4150.0,False,22100,H. Lindqvist,2025-06-28,2025-07-06,2025-08-13,2025-09-17,,,,,BUILDPRO_EXPORT,In Progress,,False,scoring_set
H105152,Wildgrass,Denver,Douglas County,295,Juniper,SF-304,Single Family,4.0,3,1,2090,2,2,No basement,Flat,3750.0,False,46100,G. Ramirez,,2025-09-18,2025-11-03,2025-12-03,,,,,BUILDPRO_EXPORT,In Progress,,False,scoring_set
H104795,Auburn Meadows,Calgary,City of Calgary,88,Dogwood,TH-104,Townhome,2.0,2,1,1280,2,1,No basement,Corner,2900.0,False,23800,C. Nakamura,2025-07-09,2025-06-08,2025-08-27,2025-09-10,,,,,BUILDPRO_EXPORT,In Progress,,False,scoring_set
H104944,Auburn Meadows,Calgary,City of Calgary,396,Birch,TH-102,Townhome,3.0,2,1,1300,2,1,Unfinished,Corner,2450.0,False,28100,N. Ferreira,2025-09-14,2025-07-10,2025-10-02,2025-10-13,,,,,BUILDPRO_EXPORT,In Progress,,False,scoring_set
H104994,Wildgrass,Denver,Douglas County,186,Larch,SF-307,Single Family,5.0,4,0,2750,2,3,Unfinished,Walkout,6250.0,True,10600,P. Sandoval,,2025-07-25,2025-10-13,2025-10-26,,,,,BUILDPRO_EXPORT,In Progress,,False,scoring_set
H105119,Cranston Ridge,Calgary,City of Calgary,144,Hawthorn,SF-301,Single Family,3.0,2,0,1820,1,2,Unfinished,Flat,4450.0,False,26500,C. Nakamura,2025-10-13,2025-10-01,2025-11-04,2025-11-26,,,,,BUILDPRO_EXPORT,In Progress,,False,scoring_set
H105055,Auburn Meadows,Calgary,City of Calgary,86,Ironwood,SF-303,Single Family,4.0,3,0,2140,2,2,Unfinished,Flat,5500.0,True,2000,R. Ivanova,,2025-10-25,2025-11-01,2025-11-09,,,,,BUILDPRO_EXPORT,In Progress,,False,scoring_set
H105072,Barefoot Lakes,Denver,Adams County,363,Ironwood,SF-303,Single Family,4.0,3,0,2080,2,2,Finished,Flat,5350.0,False,41300,V. Okonkwo,2025-07-19,2025-09-08,2025-10-05,2025-11-15,,,,,BUILDPRO_EXPORT,In Progress,,False,scoring_set
H104790,Glenridding,Edmonton,City of Edmonton,148,Ginkgo,DX-203,Duplex,4.0,3,0,1730,2,2,Unfinished,Flat,2400.0,False,23200,D. Whitfield,2025-05-25,2025-04-30,2025-07-29,2025-09-08,,,,,BUILDPRO_EXPORT,In Progress,,False,scoring_set
H104698,Keswick Landing,Edmonton,Leduc County,22,Aspen,TH-101,Townhome,2.0,2,0,1180,2,1,No basement,Flat,2600.0,False,16900,V. Okonkwo,2025-04-22,2025-06-21,2025-07-22,2025-08-12,,,,,BUILDPRO_EXPORT,In Progress,,False,scoring_set
H105093,Windermere,Edmonton,City of Edmonton,219,Dogwood,TH-104,Townhome,2.0,2,1,1260,2,1,No basement,Flat,1900.0,False,49600,J. Abadi,2025-10-26,2025-09-07,2025-10-09,2025-11-20,,,,,BUILDPRO_EXPORT,In Progress,,False,scoring_set
H105120,Riverbend,Calgary,City of Calgary,51,Larch,SF-307,Single Family,5.0,4,0,2820,2,3,Finished,Walkout,4500.0,True,12400,T. Beaulieu,,2025-10-17,2025-10-26,2025-11-26,,,,,BUILDPRO_EXPORT,In Progress,,False,scoring_set
H104874,Barefoot Lakes,Denver,Adams County,319,Katsura,SF-305,Single Family,4.0,4,0,2560,2,3,Unfinished,Corner,8200.0,True,6100,C. Nakamura,,2025-04-23,2025-07-31,2025-09-27,,,,,BUILDPRO_EXPORT,In Progress,,False,scoring_set
H104702,Mahogany Point,Calgary,Rocky View County,36,Larch,SF-307,Single Family,5.0,4,0,2780,2,3,No basement,Flat,6050.0,False,55000,T. Beaulieu,,2025-07-13,2025-08-03,2025-08-13,,,,,BUILDPRO_EXPORT,In Progress,,False,scoring_set
H104713,Mahogany Point,Calgary,Rocky View County,159,Aspen,TH-101,Townhome,2.0,2,0,1190,2,1,No basement,Flat,2250.0,False,31500,F. Kowalski,2025-04-12,2025-03-03,2025-06-21,2025-08-15,,,,,BUILDPRO_EXPORT,In Progress,,False,scoring_set
H105218,Laurel Green,Edmonton,City of Edmonton,303,Ginkgo,DX-203,Duplex,4.0,3,0,1830,2,2,Unfinished,Flat,5300.0,False,7800,F. Kowalski,,2025-09-12,2025-11-02,2025-12-26,,,,,BUILDPRO_EXPORT,In Progress,,False,scoring_set
H105133,Sterling Ranch,Denver,Douglas County,364,Dogwood,TH-104,Townhome,2.0,2,1,1290,2,1,No basement,Flat,2150.0,False,56100,E. Osei,2025-09-14,2025-08-25,2025-10-22,2025-11-30,,,,,BUILDPRO_EXPORT,In Progress,,False,scoring_set
H105115,Cranston Ridge,Calgary,City of Calgary,58,Maple,SF-308,Single Family,5.0,4,1,3380,2,3,Finished,Flat,3950.0,False,73200,V. Okonkwo,2025-10-09,2025-09-27,2025-11-09,2025-11-26,,,,,BUILDPRO_EXPORT,In Progress,,False,scoring_set
H104958,Riverbend,Calgary,City of Calgary,340,Hawthorn,SF-301,Single Family,3.0,2,0,1870,1,2,Unfinished,Corner,5900.0,False,47800,R. Ivanova,2025-07-30,2025-08-21,2025-09-10,2025-10-15,,,,,BUILDPRO_EXPORT,In Progress,,False,scoring_set
H104919,Cranston Ridge,Calgary,City of Calgary,395,Elm,DX-201,Duplex,3.0,2,1,1570,2,2,Unfinished,Flat,3750.0,False,26700,T. Beaulieu,2025-07-28,2025-08-20,2025-09-20,2025-10-07,,,,,BUILDPRO_EXPORT,In Progress,,False,scoring_set
H104963,Legacy Gate,Calgary,Rocky View County,217,Birch,TH-102,Townhome,3.0,2,1,1360,2,1,No basement,Flat,,False,90000,V. Okonkwo,2025-07-23,2025-06-17,2025-09-10,2025-10-16,,,,,BUILDPRO_EXPORT,In Progress,,False,scoring_set
H104694,Aurora Highlands,Denver,Adams County,179,Ironwood,SF-303,Single Family,4.0,3,0,2070,2,2,No basement,Flat,6550.0,False,25200,E. Osei,2025-06-15,2025-05-25,2025-06-30,2025-08-12,,,,,BUILDPRO_EXPORT,In Progress,,False,scoring_set
H104974,Aurora Highlands,Denver,Adams County,385,Aspen,TH-101,Townhome,2.0,2,0,1120,2,1,No basement,Flat,2100.0,False,25100,D. Whitfield,2025-05-21,2025-09-13,2025-10-06,2025-10-19,,,,,BUILDPRO_EXPORT,In Progress,,False,scoring_set
H105058,Barefoot Lakes,Denver,Adams County,75,Aspen,TH-101,Townhome,2.0,2,0,1240,2,1,Unfinished,Flat,2150.0,True,10400,G. Ramirez,,2025-08-23,2025-09-27,2025-11-10,,,,,BUILDPRO_EXPORT,In Progress,,False,scoring_set
H104968,Legacy Gate,Calgary,Rocky View County,303,Juniper,SF-304,Single Family,4.0,3,1,2310,2,2,Finished,Flat,7800.0,False,37600,R. Ivanova,2025-07-31,2025-06-25,2025-10-04,2025-10-18,,,,,BUILDPRO_EXPORT,In Progress,,False,scoring_set
H104935,Barefoot Lakes,Denver,Adams County,114,Cedar,TH-103,Townhome,3.0,3,0,1490,2,1,No basement,Flat,2700.0,True,30400,H. Lindqvist,,2025-07-06,2025-08-19,2025-10-11,,,,,BUILDPRO_EXPORT,In Progress,,False,scoring_set
H104783,Laurel Green,Edmonton,City of Edmonton,310,Ironwood,SF-303,Single Family,4.0,3,0,2080,2,2,Finished,Flat,4850.0,False,65200,K. Thibodeau,2025-04-09,2025-07-21,2025-08-27,2025-09-07,,,,,BUILDPRO_EXPORT,In Progress,,False,scoring_set
H104801,Legacy Gate,Calgary,Rocky View County,357,Birch,TH-102,Townhome,3.0,2,1,1260,2,1,No basement,Flat,1650.0,False,48400,D. Whitfield,2025-05-25,2025-06-18,2025-08-11,2025-09-11,,,,,BUILDPRO_EXPORT,In Progress,,False,scoring_set
H104769,Legacy Gate,Calgary,Rocky View County,395,Ginkgo,DX-203,Duplex,4.0,3,0,1790,2,2,Unfinished,Flat,3900.0,False,18900,S. Ahmadi,,2025-07-03,2025-08-11,2025-09-02,,,,,BUILDPRO_EXPORT,In Progress,,False,scoring_set
H104982,Cranston Ridge,Calgary,City of Calgary,85,Hawthorn,SF-301,Single Family,3.0,2,0,1890,1,2,Finished,Flat,5950.0,True,3900,K. Thibodeau,,2025-07-28,2025-08-25,2025-10-21,,,,,BUILDPRO_EXPORT,In Progress,,False,scoring_set
H104991,Cranston Ridge,Calgary,City of Calgary,369,Ginkgo,DX-203,Duplex,4.0,3,0,1780,2,2,Unfinished,Flat,3350.0,False,57500,D. Whitfield,,2025-08-24,2025-09-25,2025-10-24,,,,,BUILDPRO_EXPORT,In Progress,,False,scoring_set
H105052,Green Valley,Denver,City of Denver,63,Cedar,TH-103,Townhome,,3,0,1500,2,1,No basement,Corner,1800.0,False,19200,R. Ivanova,2025-08-26,2025-07-28,2025-10-03,2025-11-09,,,,,BUILDPRO_EXPORT,In Progress,,False,scoring_set
H104892,Auburn Meadows,Calgary,City of Calgary,366,Katsura,SF-305,Single Family,4.0,4,0,2630,2,3,Unfinished,Flat,5300.0,True,5300,R. Ivanova,,2025-08-16,2025-09-15,2025-09-30,,,,,BUILDPRO_EXPORT,In Progress,,False,scoring_set
H104766,Barefoot Lakes,Denver,Adams County,229,Hawthorn,SF-301,Single Family,3.0,2,0,1880,1,2,Finished,Flat,5000.0,False,32700,N. Ferreira,2025-07-20,2025-07-08,2025-08-12,2025-09-01,,,,,BUILDPRO_EXPORT,In Progress,,False,scoring_set
H105197,Mahogany Point,Calgary,Rocky View County,87,Aspen,TH-101,Townhome,2.0,2,0,1170,2,1,No basement,Flat,2300.0,True,15500,J. Abadi,,2025-09-03,2025-11-06,2025-12-17,,,,,BUILDPRO_EXPORT,In Progress,,False,scoring_set
H104706,Mahogany Point,Calgary,Rocky View County,133,Cedar,TH-103,Townhome,3.0,3,0,1440,2,1,No basement,Corner,1900.0,False,27800,E. Osei,2025-05-16,2025-06-15,2025-06-28,2025-08-13,,,,,BUILDPRO_EXPORT,In Progress,,False,scoring_set
H104862,Keswick Landing,Edmonton,Leduc County,189,Hawthorn,SF-301,Single Family,3.0,2,0,2030,1,2,Finished,Corner,,True,5500,C. Nakamura,,2025-05-31,2025-08-18,2025-09-25,,,,,BUILDPRO_EXPORT,In Progress,,False,scoring_set
H104680,Glenridding,Edmonton,City of Edmonton,85,Aspen,TH-101,Townhome,2.0,2,0,1170,2,1,Unfinished,Flat,2950.0,False,23400,L. Mwangi,2025-06-20,2025-07-02,2025-07-08,2025-08-08,,,,,BUILDPRO_EXPORT,In Progress,,False,scoring_set
H105061,Riverbend,Calgary,City of Calgary,186,Aspen,TH-101,Townhome,2.0,2,0,1130,2,1,Unfinished,Flat,2750.0,True,10100,D. Whitfield,,2025-09-03,2025-10-14,2025-11-12,,,,,BUILDPRO_EXPORT,In Progress,,False,scoring_set
H104742,Mahogany Point,Calgary,Rocky View County,381,Katsura,SF-305,Single Family,4.0,4,0,2700,2,3,Finished,Flat,8550.0,False,39600,W. Halvorsen,2025-05-23,2025-07-30,2025-08-08,2025-08-25,,,,,BUILDPRO_EXPORT,In Progress,,False,scoring_set
H104789,Windermere,Edmonton,City of Edmonton,189,Fir,DX-202,Duplex,3.0,3,0,1750,2,2,No basement,Flat,3200.0,False,28700,M. Petrov,,2025-08-09,2025-09-01,2025-09-08,,,,,BUILDPRO_EXPORT,In Progress,,False,scoring_set
H105074,Windermere,Edmonton,City of Edmonton,23,Dogwood,TH-104,Townhome,2.0,2,1,1280,2,1,No basement,Flat,1950.0,True,11800,L. Mwangi,,2025-09-21,2025-11-03,2025-11-16,,,,,BUILDPRO_EXPORT,In Progress,,False,scoring_set
H104945,Auburn Meadows,Calgary,City of Calgary,393,Poplar,SF-306,Single Family,4.0,4,0,2810,2,2,Finished,Flat,5400.0,False,23400,N. Ferreira,2025-08-25,2025-07-14,2025-09-22,2025-10-13,,,,,BUILDPRO_EXPORT,In Progress,,False,scoring_set
H104782,Aurora Highlands,Denver,Adams County,272,Fir,DX-202,Duplex,3.0,3,0,1600,2,2,No basement,Flat,3500.0,False,45300,G. Ramirez,2025-07-28,2025-06-16,2025-08-18,2025-09-07,,,,,BUILDPRO_EXPORT,In Progress,,False,scoring_set
H104692,Glenridding,Edmonton,City of Edmonton,158,Cedar,TH-103,Townhome,3.0,3,0,1370,2,1,No basement,Flat,3000.0,True,8100,P. Sandoval,,2025-05-26,2025-06-22,2025-08-11,,,,,BUILDPRO_EXPORT,In Progress,,False,scoring_set
H105175,Sterling Ranch,Denver,Douglas County,321,Oakmont,SF-302,Single Family,3.0,3,0,2290,1,3,Unfinished,Flat,8500.0,False,63200,E. Osei,2025-10-18,2025-08-11,2025-10-22,2025-12-10,,,,,BUILDPRO_EXPORT,In Progress,,False,scoring_set
H104678,Auburn Meadows,Calgary,City of Calgary,311,Aspen,TH-101,Townhome,2.0,2,0,1170,2,1,No basement,Flat,2150.0,False,46600,C. Nakamura,2025-05-21,2025-03-27,2025-07-08,2025-08-07,,,,,BUILDPRO_EXPORT,In Progress,,False,scoring_set
H105187,Auburn Meadows,Calgary,City of Calgary,230,Fir,DX-202,Duplex,3.0,3,0,1580,2,2,No basement,Walkout,3450.0,False,32200,A. Boucher,2025-10-12,2025-07-27,2025-11-20,2025-12-14,,,,,BUILDPRO_EXPORT,In Progress,,False,scoring_set
H104878,Aurora Highlands,Denver,Adams County,335,Oakmont,SF-302,Single Family,3.0,3,0,2150,1,3,Finished,Walkout,4500.0,True,3000,E. Osei,,2025-07-01,2025-09-19,2025-09-28,,,,,BUILDPRO_EXPORT,In Progress,,False,scoring_set
H105140,Riverbend,Calgary,City of Calgary,393,Maple,SF-308,Single Family,5.0,4,1,3130,2,3,Unfinished,Flat,6350.0,False,27900,P. Sandoval,2025-07-16,2025-07-06,2025-10-05,2025-12-01,,,,,BUILDPRO_EXPORT,In Progress,,False,scoring_set
H105015,Green Valley,Denver,City of Denver,297,Ironwood,SF-303,Single Family,4.0,3,0,2120,2,2,Finished,Walkout,5900.0,False,10400,P. Sandoval,,2025-09-11,2025-10-12,2025-10-30,,,,,BUILDPRO_EXPORT,In Progress,,False,scoring_set
H104883,Windermere,Edmonton,City of Edmonton,119,Cedar,TH-103,Townhome,3.0,3,0,1380,2,1,No basement,Flat,2900.0,True,4700,N. Ferreira,,2025-07-24,2025-08-22,2025-09-29,,,,,BUILDPRO_EXPORT,In Progress,,False,scoring_set
H104751,Auburn Meadows,Calgary,City of Calgary,245,Oakmont,SF-302,Single Family,3.0,3,0,2150,1,3,Unfinished,Flat,6000.0,False,32600,E. Osei,2025-06-18,2025-06-26,2025-08-06,2025-08-27,,,,,BUILDPRO_EXPORT,In Progress,,False,scoring_set
H104810,Cranston Ridge,Calgary,City of Calgary,125,Maple,SF-308,Single Family,5.0,4,1,3200,2,3,Unfinished,Corner,5550.0,False,26600,S. Ahmadi,,2025-05-12,2025-08-01,2025-09-13,,,,,BUILDPRO_EXPORT,In Progress,,False,scoring_set
H105221,Laurel Green,Edmonton,City of Edmonton,245,Nyssa,SF-309,Single Family,5.0,5,0,3260,2,3,Unfinished,Flat,5500.0,False,26900,H. Lindqvist,2025-09-10,2025-11-10,2025-11-29,2025-12-27,,,,,BUILDPRO_EXPORT,In Progress,,False,scoring_set
H104976,Legacy Gate,Calgary,Rocky View County,370,Elm,DX-201,Duplex,3.0,2,1,1530,2,2,No basement,Flat,3350.0,True,6000,M. Petrov,,2025-06-13,2025-09-12,2025-10-20,,,,,BUILDPRO_EXPORT,In Progress,,False,scoring_set
H105107,Sterling Ranch,Denver,Douglas County,217,Cedar,TH-103,Townhome,3.0,3,0,1300,2,1,No basement,Flat,2700.0,False,37000,A. Boucher,2025-08-25,2025-10-12,2025-11-09,2025-11-23,,,,,BUILDPRO_EXPORT,In Progress,,False,scoring_set
H105181,Auburn Meadows,Calgary,City of Calgary,413,Hawthorn,SF-301,Single Family,3.0,2,0,1820,1,2,Unfinished,Flat,6600.0,False,8800,S. Ahmadi,2025-07-01,2025-10-26,2025-11-12,2025-12-12,,,,,BUILDPRO_EXPORT,In Progress,,False,scoring_set
H104938,Mahogany Point,Calgary,Rocky View County,241,Aspen,TH-101,Townhome,2.0,2,0,1220,2,1,No basement,Flat,2000.0,False,21000,E. Osei,2025-05-19,2025-08-27,2025-09-29,2025-10-11,,,,,BUILDPRO_EXPORT,In Progress,,False,scoring_set
H105008,Windermere,Edmonton,City of Edmonton,173,Ironwood,SF-303,Single Family,4.0,3,0,2110,2,2,Unfinished,Flat,4900.0,False,26900,C. Nakamura,2025-08-26,2025-07-06,2025-09-14,2025-10-29,,,,,BUILDPRO_EXPORT,In Progress,,False,scoring_set
H105033,Sterling Ranch,Denver,Douglas County,407,Juniper,SF-304,Single Family,4.0,3,1,2180,2,2,Unfinished,Flat,6000.0,False,46900,M. Petrov,2025-05-28,2025-08-09,2025-09-25,2025-11-03,,,,,BUILDPRO_EXPORT,In Progress,,False,scoring_set
H105059,Keswick Landing,Edmonton,Leduc County,92,Dogwood,TH-104,Townhome,2.0,2,1,1310,2,1,No basement,Flat,2800.0,False,19200,C. Nakamura,2025-08-20,2025-09-10,2025-10-18,2025-11-10,,,,,BUILDPRO_EXPORT,In Progress,,False,scoring_set
H104916,Auburn Meadows,Calgary,City of Calgary,353,Juniper,SF-304,Single Family,4.0,3,1,2220,2,2,Unfinished,Walkout,2350.0,False,45600,V. Okonkwo,2025-08-01,2025-07-10,2025-09-18,2025-10-06,,,,,BUILDPRO_EXPORT,In Progress,,False,scoring_set
H104731,Glenridding,Edmonton,City of Edmonton,390,Larch,SF-307,Single Family,5.0,4,0,3120,2,3,Finished,Walkout,6000.0,True,3200,D. Whitfield,,2025-07-27,2025-08-10,2025-08-21,,,,,BUILDPRO_EXPORT,In Progress,,False,scoring_set
H104854,Aurora Highlands,Denver,Adams County,223,Aspen,TH-101,Townhome,,2,0,1170,2,1,No basement,Corner,2600.0,False,9600,H. Lindqvist,2025-08-20,2025-07-10,2025-08-18,2025-09-23,,,,,BUILDPRO_EXPORT,In Progress,,False,scoring_set
H105142,Glenridding,Edmonton,City of Edmonton,246,Larch,SF-307,Single Family,5.0,4,0,2770,2,3,Finished,Walkout,,True,1500,V. Okonkwo,,2025-09-20,2025-11-07,2025-12-01,,,,,BUILDPRO_EXPORT,In Progress,,False,scoring_set
H104796,Wildgrass,Denver,Douglas County,46,Oakmont,SF-302,Single Family,3.0,3,0,2260,1,3,Unfinished,Flat,5600.0,True,1700,E. Osei,,2025-03-06,2025-08-05,2025-09-10,,,,,BUILDPRO_EXPORT,In Progress,,False,scoring_set
H105153,Laurel Green,Edmonton,City of Edmonton,287,Larch,SF-307,Single Family,5.0,4,0,2550,2,3,Finished,Corner,2950.0,False,22200,V. Okonkwo,2025-07-06,2025-10-11,2025-10-31,2025-12-04,,,,,BUILDPRO_EXPORT,In Progress,,False,scoring_set
H105121,Riverbend,Calgary,City of Calgary,2,Maple,SF-308,Single Family,5.0,4,1,3020,2,3,Unfinished,Walkout,5100.0,False,21600,E. Osei,2025-06-20,2025-08-21,2025-09-29,2025-11-27,,,,,BUILDPRO_EXPORT,In Progress,,False,scoring_set
H104860,Sterling Ranch,Denver,Douglas County,371,Juniper,SF-304,Single Family,4.0,3,1,2420,2,2,Unfinished,Flat,5350.0,False,98900,E. Osei,2025-04-25,2025-05-08,2025-09-08,2025-09-24,,,,,BUILDPRO_EXPORT,In Progress,,False,scoring_set
H104971,Riverbend,Calgary,City of Calgary,294,Oakmont,SF-302,Single Family,3.0,3,0,2020,1,3,Finished,Flat,5100.0,False,19400,C. Nakamura,2025-05-27,2025-08-15,2025-09-19,2025-10-19,,,,,BUILDPRO_EXPORT,In Progress,,False,scoring_set
H104949,Auburn Meadows,Calgary,City of Calgary,212,Katsura,SF-305,Single Family,4.0,4,0,2570,2,3,Unfinished,Flat,2200.0,False,49900,C. Nakamura,2025-07-14,2025-07-08,2025-08-19,2025-10-14,,,,,BUILDPRO_EXPORT,In Progress,,False,scoring_set
H104848,Laurel Green,Edmonton,City of Edmonton,6,Fir,DX-202,Duplex,3.0,3,0,1660,2,2,Finished,Flat,3550.0,False,36400,M. Petrov,2025-08-05,2025-08-01,2025-08-13,2025-09-22,,,,,BUILDPRO_EXPORT,In Progress,,False,scoring_set
H104771,Barefoot Lakes,Denver,Adams County,16,Ironwood,SF-303,Single Family,4.0,3,0,2060,2,2,Unfinished,Flat,7400.0,False,22900,N. Ferreira,2025-05-15,2025-06-04,2025-07-12,2025-09-02,,,,,BUILDPRO_EXPORT,In Progress,,False,scoring_set
H104842,Wildgrass,Denver,Douglas County,55,Dogwood,TH-104,Townhome,2.0,2,1,1310,2,1,No basement,Corner,2250.0,False,30500,H. Lindqvist,2025-07-31,2025-06-20,2025-07-30,2025-09-21,,,,,BUILDPRO_EXPORT,In Progress,,False,scoring_set
H104811,Legacy Gate,Calgary,Rocky View County,389,Juniper,SF-304,Single Family,4.0,3,1,2400,2,2,Finished,Flat,5300.0,False,5900,D. Whitfield,2025-04-26,2025-05-23,2025-08-20,2025-09-14,,,,,BUILDPRO_EXPORT,In Progress,,False,scoring_set
H104984,Sterling Ranch,Denver,Douglas County,245,Oakmont,SF-302,Single Family,3.0,3,0,2050,1,3,No basement,Flat,4350.0,True,3100,M. Petrov,,2025-08-12,2025-09-14,2025-10-22,,,,,BUILDPRO_EXPORT,In Progress,,False,scoring_set
H104703,Auburn Meadows,Calgary,City of Calgary,49,Birch,TH-102,Townhome,3.0,2,1,1340,2,1,Unfinished,Flat,3100.0,True,5200,M. Petrov,,2025-06-23,2025-08-08,2025-08-13,,,,,BUILDPRO_EXPORT,In Progress,,False,scoring_set
H105103,Barefoot Lakes,Denver,Adams County,297,Birch,TH-102,Townhome,3.0,2,1,1270,2,1,Unfinished,Flat,2650.0,False,42800,E. Osei,2025-10-01,2025-10-08,2025-10-26,2025-11-23,,,,,BUILDPRO_EXPORT,In Progress,,False,scoring_set
H104665,Cranston Ridge,Calgary,City of Calgary,207,Maple,SF-308,Single Family,5.0,4,1,3290,2,3,Unfinished,Walkout,3600.0,False,30000,V. Okonkwo,2025-06-06,2025-04-24,2025-06-23,2025-08-04,,,,,BUILDPRO_EXPORT,In Progress,,False,scoring_set
H104909,Sterling Ranch,Denver,Douglas County,384,Katsura,SF-305,Single Family,4.0,4,0,2610,2,3,Finished,Flat,4350.0,False,37200,R. Ivanova,2025-07-31,2025-06-10,2025-08-04,2025-10-03,,,,,BUILDPRO_EXPORT,In Progress,,False,scoring_set
H104734,Riverbend,Calgary,City of Calgary,77,Aspen,TH-101,Townhome,2.0,2,0,1160,2,1,No basement,Corner,2500.0,False,29000,A. Boucher,2025-07-24,2025-07-25,2025-08-15,2025-08-22,,,,,BUILDPRO_EXPORT,In Progress,,False,scoring_set
H105171,Auburn Meadows,Calgary,City of Calgary,77,Cedar,TH-103,Townhome,3.0,3,0,1490,2,1,No basement,Flat,2000.0,True,700,P. Sandoval,,2025-10-19,2025-11-15,2025-12-08,,,,,BUILDPRO_EXPORT,In Progress,,False,scoring_set
H105050,Cranston Ridge,Calgary,City of Calgary,369,Aspen,TH-101,Townhome,2.0,2,0,1160,2,1,No basement,Flat,1800.0,False,45100,C. Nakamura,2025-07-21,2025-09-24,2025-10-07,2025-11-09,,,,,BUILDPRO_EXPORT,In Progress,,False,scoring_set
H105091,Mahogany Point,Calgary,Rocky View County,116,Dogwood,TH-104,Townhome,2.0,2,1,1220,2,1,No basement,Corner,2150.0,False,25400,C. Nakamura,2025-06-17,2025-09-29,2025-10-15,2025-11-19,,,,,BUILDPRO_EXPORT,In Progress,,False,scoring_set
H104727,Wildgrass,Denver,Douglas County,205,Cedar,TH-103,Townhome,3.0,3,0,1470,2,1,No basement,Flat,2450.0,False,13700,F. Kowalski,,2025-06-07,2025-06-23,2025-08-19,,,,,BUILDPRO_EXPORT,In Progress,,False,scoring_set
H104826,Windermere,Edmonton,City of Edmonton,379,Ginkgo,DX-203,Duplex,4.0,3,0,1720,2,2,No basement,Walkout,3500.0,False,40600,S. Ahmadi,2025-06-19,2025-06-12,2025-08-09,2025-09-17,,,,,BUILDPRO_EXPORT,In Progress,,False,scoring_set
H105213,Windermere,Edmonton,City of Edmonton,383,Cedar,TH-103,Townhome,3.0,3,0,1450,2,1,No basement,Corner,2300.0,False,41000,V. Okonkwo,2025-10-27,2025-11-03,2025-12-04,2025-12-25,,,,,BUILDPRO_EXPORT,In Progress,,False,scoring_set
H105025,Aurora Highlands,Denver,Adams County,247,Hawthorn,SF-301,Single Family,3.0,2,0,1880,1,2,Unfinished,Walkout,5850.0,False,54800,G. Ramirez,2025-06-05,2025-08-13,2025-09-18,2025-11-01,,,,,BUILDPRO_EXPORT,In Progress,,False,scoring_set
H105004,Keswick Landing,Edmonton,Leduc County,160,Maple,SF-308,Single Family,,4,1,3050,2,3,Unfinished,Flat,5300.0,False,6300,V. Okonkwo,2025-08-11,2025-06-11,2025-10-02,2025-10-27,,,,,BUILDPRO_EXPORT,In Progress,,False,scoring_set
H105194,Laurel Green,Edmonton,City of Edmonton,30,Birch,TH-102,Townhome,3.0,2,1,1340,2,1,No basement,Flat,2500.0,False,68800,D. Whitfield,2025-10-27,2025-09-25,2025-11-13,2025-12-17,,,,,BUILDPRO_EXPORT,In Progress,,False,scoring_set
H105057,Keswick Landing,Edmonton,Leduc County,3,Katsura,SF-305,Single Family,4.0,4,0,2730,2,3,Unfinished,Flat,4650.0,False,33500,V. Okonkwo,2025-08-01,2025-10-11,2025-11-03,2025-11-10,,,,,BUILDPRO_EXPORT,In Progress,,False,scoring_set
H104844,Auburn Meadows,Calgary,City of Calgary,411,Poplar,SF-306,Single Family,4.0,4,0,2780,2,2,Finished,Flat,6850.0,False,12200,H. Lindqvist,2025-06-19,2025-08-16,2025-09-03,2025-09-21,,,,,BUILDPRO_EXPORT,In Progress,,False,scoring_set
H105007,Keswick Landing,Edmonton,Leduc County,379,Cedar,TH-103,Townhome,3.0,3,0,1370,2,1,No basement,Flat,2350.0,True,7700,N. Ferreira,,2025-06-21,2025-09-28,2025-10-29,,,,,BUILDPRO_EXPORT,In Progress,,False,scoring_set
H104870,Mahogany Point,Calgary,Rocky View County,261,Larch,SF-307,Single Family,5.0,4,0,2750,2,3,Finished,Flat,6300.0,False,85400,V. Okonkwo,2025-07-04,2025-05-23,2025-09-15,2025-09-26,,,,,BUILDPRO_EXPORT,In Progress,,False,scoring_set
H105161,Legacy Gate,Calgary,Rocky View County,271,Oakmont,SF-302,Single Family,3.0,3,0,2260,1,3,Finished,Flat,6100.0,False,26500,J. Abadi,2025-09-30,2025-10-10,2025-11-09,2025-12-06,,,,,BUILDPRO_EXPORT,In Progress,,False,scoring_set
H105196,Windermere,Edmonton,City of Edmonton,400,Elm,DX-201,Duplex,3.0,2,1,1490,2,2,Unfinished,Flat,3750.0,False,13800,F. Kowalski,,2025-10-18,2025-10-25,2025-12-17,,,,,BUILDPRO_EXPORT,In Progress,,False,scoring_set
H104855,Green Valley,Denver,City of Denver,375,Birch,TH-102,Townhome,3.0,2,1,1340,2,1,No basement,Flat,2100.0,False,37600,G. Ramirez,2025-08-17,2025-05-05,2025-08-05,2025-09-23,,,,,BUILDPRO_EXPORT,In Progress,,False,scoring_set
H104834,Wildgrass,Denver,Douglas County,47,Fir,DX-202,Duplex,3.0,3,0,1720,2,2,No basement,Flat,3200.0,True,9400,F. Kowalski,,2025-06-25,2025-08-01,2025-09-19,,,,,BUILDPRO_EXPORT,In Progress,,False,scoring_set
